17,21,47,5,157.9,13075
17,21,47,6,157.9,13076
17,21,47,7,157.9,13077
17,21,47,8,157.9,13078
17,21,47,9,157.9,13079
17,21,48,0,157.9,13080
17,21,48,1,157.9,13081
17,21,48,2,157.9,13082
17,21,48,3,157.91,13083
17,21,48,4,157.91,13084
17,21,48,5,157.92,13085
17,21,48,6,157.92,13086
17,21,48,7,157.92,13087
17,21,48,8,157.92,13088
17,21,48,9,157.93,13089
17,21,49,0,157.93,13090
17,21,49,1,157.94,13091
17,21,49,2,157.94,13092
17,21,49,3,157.96,13093
17,21,49,4,157.96,13094
17,21,49,5,157.97,13095
17,21,49,6,157.97,13096
17,21,49,7,157.98,13097
17,21,49,8,157.98,13098
17,21,49,9,158,13099
17,21,50,0,158,13100
17,21,50,1,157.99,13101
17,21,50,2,157.99,13102
17,21,50,3,157.98,13103
17,21,50,4,157.98,13104
17,21,50,5,157.98,13105
17,21,50,6,157.98,13106
17,21,50,7,158,13107
17,21,50,8,158,13108
17,21,50,9,158.01,13109
17,21,51,0,158.01,13110
17,21,51,1,158.01,13111
17,21,51,2,158.01,13112
17,21,51,3,158.02,13113
17,21,51,4,158.02,13114
17,21,51,5,158.02,13115
17,21,51,6,158.02,13116
17,21,51,7,158.02,13117
17,21,51,8,158.02,13118
17,21,51,9,158.04,13119
17,21,52,0,158.04,13120
17,21,52,1,158.05,13121
17,21,52,2,158.05,13122
17,21,52,3,158.06,13123
17,21,52,4,158.06,13124
17,21,52,5,158.08,13125
17,21,52,6,158.08,13126
17,21,52,7,158.09,13127
17,21,52,8,158.09,13128
17,21,52,9,158.09,13129
17,21,53,0,158.09,13130
17,21,53,1,158.1,13131
17,21,53,2,158.1,13132
17,21,53,3,158.1,13133
17,21,53,4,158.1,13134
17,21,53,5,158.11,13135
17,21,53,6,158.11,13136
17,21,53,7,158.11,13137
17,21,53,8,158.11,13138
17,21,53,9,158.12,13139
17,21,54,0,158.12,13140
17,21,54,1,158.11,13141
17,21,54,2,158.11,13142
17,21,54,3,158.11,13143
17,21,54,4,158.11,13144
17,21,54,5,158.11,13145
17,21,54,6,158.11,13146
17,21,54,7,158.1,13147
17,21,54,8,158.1,13148
17,21,54,9,158.11,13149
17,21,55,0,158.11,13150
17,21,55,1,158.11,13151
17,21,55,2,158.11,13152
17,21,55,3,158.11,13153
17,21,55,4,158.11,13154
17,21,55,5,158.11,13155
17,21,55,6,158.11,13156
17,21,55,7,158.13,13157
17,21,55,8,158.13,13158
17,21,55,9,158.14,13159
17,21,56,0,158.14,13160
17,21,56,1,158.14,13161
17,21,56,2,158.14,13162
17,21,56,3,158.16,13163
17,21,56,4,158.16,13164
17,21,56,5,158.17,13165
17,21,56,6,158.17,13166
17,21,56,7,158.17,13167
17,21,56,8,158.17,13168
17,21,56,9,158.18,13169
17,21,57,0,158.18,13170
17,21,57,1,158.18,13171
17,21,57,2,158.18,13172
17,21,57,3,158.19,13173
17,21,57,4,158.19,13174
17,21,57,5,158.18,13175
17,21,57,6,158.18,13176
17,21,57,7,158.17,13177
17,21,57,8,158.17,13178
17,21,57,9,158.16,13179
17,21,58,0,158.16,13180
17,21,58,1,158.16,13181
17,21,58,2,158.16,13182
17,21,58,3,158.16,13183
17,21,58,4,158.16,13184
17,21,58,5,158.17,13185
17,21,58,6,158.17,13186
17,21,58,7,158.16,13187
17,21,58,8,158.16,13188
17,21,58,9,158.16,13189
17,21,59,0,158.16,13190
17,21,59,1,158.17,13191
17,21,59,2,158.17,13192
17,21,59,3,158.18,13193
17,21,59,4,158.18,13194
17,21,59,5,158.18,13195
17,21,59,6,158.18,13196
17,21,59,7,158.19,13197
17,21,59,8,158.19,13198
17,21,59,9,158.2,13199
17,22,0,0,158.2,13200
17,22,0,1,158.21,13201
17,22,0,2,158.21,13202
17,22,0,3,158.23,13203
17,22,0,4,158.23,13204
17,22,0,5,158.23,13205
17,22,0,6,158.23,13206
17,22,0,7,158.24,13207
17,22,0,8,158.24,13208
17,22,0,9,158.25,13209
17,22,1,0,158.25,13210
17,22,1,1,158.25,13211
17,22,1,2,158.25,13212
17,22,1,3,158.25,13213
17,22,1,4,158.25,13214
17,22,1,5,158.25,13215
17,22,1,6,158.25,13216
17,22,1,7,158.25,13217
17,22,1,8,158.25,13218
17,22,1,9,158.26,13219
17,22,2,0,158.26,13220
17,22,2,1,158.26,13221
17,22,2,2,158.26,13222
17,22,2,3,158.27,13223
17,22,2,4,158.27,13224
17,22,2,5,158.26,13225
17,22,2,6,158.26,13226
17,22,2,7,158.24,13227
17,22,2,8,158.24,13228
17,22,2,9,158.25,13229
17,22,3,0,158.25,13230
17,22,3,1,158.25,13231
17,22,3,2,158.25,13232
17,22,3,3,158.25,13233
17,22,3,4,158.25,13234
17,22,3,5,158.24,13235
17,22,3,6,158.24,13236
17,22,3,7,158.25,13237
17,22,3,8,158.25,13238
17,22,3,9,158.26,13239
17,22,4,0,158.26,13240
17,22,4,1,158.26,13241
17,22,4,2,158.26,13242
17,22,4,3,158.26,13243
17,22,4,4,158.26,13244
17,22,4,5,158.27,13245
17,22,4,6,158.27,13246
17,22,4,7,158.28,13247
17,22,4,8,158.28,13248
17,22,4,9,158.28,13249
17,22,5,0,158.28,13250
17,22,5,1,158.28,13251
17,22,5,2,158.28,13252
17,22,5,3,158.27,13253
17,22,5,4,158.27,13254
17,22,5,5,158.27,13255
17,22,5,6,158.27,13256
17,22,5,7,158.28,13257
17,22,5,8,158.28,13258
17,22,5,9,158.28,13259
17,22,6,0,158.28,13260
17,22,6,1,158.3,13261
17,22,6,2,158.3,13262
17,22,6,3,158.3,13263
17,22,6,4,158.3,13264
17,22,6,5,158.31,13265
17,22,6,6,158.31,13266
17,22,6,7,158.3,13267
17,22,6,8,158.3,13268
17,22,6,9,158.3,13269
17,22,7,0,158.3,13270
17,22,7,1,158.29,13271
17,22,7,2,158.29,13272
17,22,7,3,158.29,13273
17,22,7,4,158.29,13274
17,22,7,5,158.29,13275
17,22,7,6,158.29,13276
17,22,7,7,158.3,13277
17,22,7,8,158.3,13278
17,22,7,9,158.29,13279
17,22,8,0,158.29,13280
17,22,8,1,158.3,13281
17,22,8,2,158.3,13282
17,22,8,3,158.29,13283
17,22,8,4,158.29,13284
17,22,8,5,158.3,13285
17,22,8,6,158.3,13286
17,22,8,7,158.3,13287
17,22,8,8,158.3,13288
17,22,8,9,158.31,13289
17,22,9,0,158.31,13290
17,22,9,1,158.31,13291
17,22,9,2,158.31,13292
17,22,9,3,158.31,13293
17,22,9,4,158.31,13294
17,22,9,5,158.33,13295
17,22,9,6,158.33,13296
17,22,9,7,158.34,13297
17,22,9,8,158.34,13298
17,22,9,9,158.34,13299
17,22,10,0,158.34,13300
17,22,10,1,158.34,13301
17,22,10,2,158.34,13302
17,22,10,3,158.32,13303
17,22,10,4,158.32,13304
17,22,10,5,158.32,13305
17,22,10,6,158.32,13306
17,22,10,7,158.32,13307
17,22,10,8,158.32,13308
17,22,10,9,158.33,13309
17,22,11,0,158.33,13310
17,22,11,1,158.35,13311
17,22,11,2,158.35,13312
17,22,11,3,158.36,13313
17,22,11,4,158.36,13314
17,22,11,5,158.37,13315
17,22,11,6,158.37,13316
17,22,11,7,158.37,13317
17,22,11,8,158.37,13318
17,22,11,9,158.38,13319
17,22,12,0,158.38,13320
17,22,12,1,158.39,13321
17,22,12,2,158.39,13322
17,22,12,3,158.4,13323
17,22,12,4,158.4,13324
17,22,12,5,158.41,13325
17,22,12,6,158.41,13326
17,22,12,7,158.41,13327
17,22,12,8,158.41,13328
17,22,12,9,158.43,13329
17,22,13,0,158.43,13330
17,22,13,1,158.42,13331
17,22,13,2,158.42,13332
17,22,13,3,158.42,13333
17,22,13,4,158.42,13334
17,22,13,5,158.44,13335
17,22,13,6,158.44,13336
17,22,13,7,158.43,13337
17,22,13,8,158.43,13338
17,22,13,9,158.42,13339
17,22,14,0,158.42,13340
17,22,14,1,158.43,13341
17,22,14,2,158.43,13342
17,22,14,3,158.43,13343
17,22,14,4,158.43,13344
17,22,14,5,158.44,13345
17,22,14,6,158.44,13346
17,22,14,7,158.44,13347
17,22,14,8,158.44,13348
17,22,14,9,158.45,13349
17,22,15,0,158.45,13350
17,22,15,1,158.45,13351
17,22,15,2,158.45,13352
17,22,15,3,158.47,13353
17,22,15,4,158.47,13354
17,22,15,5,158.48,13355
17,22,15,6,158.48,13356
17,22,15,7,158.5,13357
17,22,15,8,158.5,13358
17,22,15,9,158.5,13359
17,22,16,0,158.5,13360
17,22,16,1,158.5,13361
17,22,16,2,158.5,13362
17,22,16,3,158.52,13363
17,22,16,4,158.52,13364
17,22,16,5,158.53,13365
17,22,16,6,158.53,13366
17,22,16,7,158.56,13367
17,22,16,8,158.56,13368
17,22,16,9,158.56,13369
17,22,17,0,158.56,13370
17,22,17,1,158.57,13371
17,22,17,2,158.57,13372
17,22,17,3,158.59,13373
17,22,17,4,158.59,13374
17,22,17,5,158.61,13375
17,22,17,6,158.61,13376
17,22,17,7,158.6,13377
17,22,17,8,158.6,13378
17,22,17,9,158.62,13379
17,22,18,0,158.62,13380
17,22,18,1,158.64,13381
17,22,18,2,158.64,13382
17,22,18,3,158.64,13383
17,22,18,4,158.64,13384
17,22,18,5,158.64,13385
17,22,18,6,158.64,13386
17,22,18,7,158.65,13387
17,22,18,8,158.65,13388
17,22,18,9,158.67,13389
17,22,19,0,158.67,13390
17,22,19,1,158.68,13391
17,22,19,2,158.68,13392
17,22,19,3,158.69,13393
17,22,19,4,158.69,13394
17,22,19,5,158.71,13395
17,22,19,6,158.71,13396
17,22,19,7,158.72,13397
17,22,19,8,158.72,13398
17,22,19,9,158.73,13399
17,22,20,0,158.73,13400
17,22,20,1,158.75,13401
17,22,20,2,158.75,13402
17,22,20,3,158.77,13403
17,22,20,4,158.77,13404
17,22,20,5,158.79,13405
17,22,20,6,158.79,13406
17,22,20,7,158.8,13407
17,22,20,8,158.8,13408
17,22,20,9,158.83,13409
17,22,21,0,158.83,13410
17,22,21,1,158.84,13411
17,22,21,2,158.84,13412
17,22,21,3,158.85,13413
17,22,21,4,158.85,13414
17,22,21,5,158.86,13415
17,22,21,6,158.86,13416
17,22,21,7,158.86,13417
17,22,21,8,158.86,13418
17,22,21,9,158.86,13419
17,22,22,0,158.86,13420
17,22,22,1,158.87,13421
17,22,22,2,158.87,13422
17,22,22,3,158.87,13423
17,22,22,4,158.87,13424
17,22,22,5,158.87,13425
17,22,22,6,158.87,13426
17,22,22,7,158.87,13427
17,22,22,8,158.87,13428
17,22,22,9,158.87,13429
17,22,23,0,158.87,13430
17,22,23,1,158.86,13431
17,22,23,2,158.86,13432
17,22,23,3,158.86,13433
17,22,23,4,158.86,13434
17,22,23,5,158.87,13435
17,22,23,6,158.87,13436
17,22,23,7,158.87,13437
17,22,23,8,158.87,13438
17,22,23,9,158.87,13439
17,22,24,0,158.87,13440
17,22,24,1,158.87,13441
17,22,24,2,158.87,13442
17,22,24,3,158.86,13443
17,22,24,4,158.86,13444
17,22,24,5,158.86,13445
17,22,24,6,158.86,13446
17,22,24,7,158.86,13447
17,22,24,8,158.86,13448
17,22,24,9,158.87,13449
17,22,25,0,158.87,13450
17,22,25,1,158.86,13451
17,22,25,2,158.86,13452
17,22,25,3,158.87,13453
17,22,25,4,158.87,13454
17,22,25,5,158.88,13455
17,22,25,6,158.88,13456
17,22,25,7,158.88,13457
17,22,25,8,158.88,13458
17,22,25,9,158.88,13459
17,22,26,0,158.88,13460
17,22,26,1,158.88,13461
17,22,26,2,158.88,13462
17,22,26,3,158.88,13463
17,22,26,4,158.88,13464
17,22,26,5,158.89,13465
17,22,26,6,158.89,13466
17,22,26,7,158.89,13467
17,22,26,8,158.89,13468
17,22,26,9,158.9,13469
17,22,27,0,158.9,13470
17,22,27,1,158.91,13471
17,22,27,2,158.91,13472
17,22,27,3,158.91,13473
17,22,27,4,158.91,13474
17,22,27,5,158.92,13475
17,22,27,6,158.92,13476
17,22,27,7,158.92,13477
17,22,27,8,158.92,13478
17,22,27,9,158.93,13479
17,22,28,0,158.93,13480
17,22,28,1,158.94,13481
17,22,28,2,158.94,13482
17,22,28,3,158.95,13483
17,22,28,4,158.95,13484
17,22,28,5,158.97,13485
17,22,28,6,158.97,13486
17,22,28,7,158.98,13487
17,22,28,8,158.98,13488
17,22,28,9,158.98,13489
17,22,29,0,158.98,13490
17,22,29,1,158.99,13491
17,22,29,2,158.99,13492
17,22,29,3,159,13493
17,22,29,4,159,13494
17,22,29,5,159.01,13495
17,22,29,6,159.01,13496
17,22,29,7,159.01,13497
17,22,29,8,159.01,13498
17,22,29,9,159.02,13499
17,22,30,0,159.02,13500
17,22,30,1,159.03,13501
17,22,30,2,159.03,13502
17,22,30,3,159.04,13503
17,22,30,4,159.04,13504
17,22,30,5,159.05,13505
17,22,30,6,159.05,13506
17,22,30,7,159.06,13507
17,22,30,8,159.06,13508
17,22,30,9,159.08,13509
17,22,31,0,159.08,13510
17,22,31,1,159.07,13511
17,22,31,2,159.07,13512
17,22,31,3,159.08,13513
17,22,31,4,159.08,13514
17,22,31,5,159.09,13515
17,22,31,6,159.09,13516
17,22,31,7,159.09,13517
17,22,31,8,159.09,13518
17,22,31,9,159.09,13519
17,22,32,0,159.09,13520
17,22,32,1,159.11,13521
17,22,32,2,159.11,13522
17,22,32,3,159.12,13523
17,22,32,4,159.12,13524
17,22,32,5,159.12,13525
17,22,32,6,159.12,13526
17,22,32,7,159.12,13527
17,22,32,8,159.12,13528
17,22,32,9,159.13,13529
17,22,33,0,159.13,13530
17,22,33,1,159.15,13531
17,22,33,2,159.15,13532
17,22,33,3,159.15,13533
17,22,33,4,159.15,13534
17,22,33,5,159.16,13535
17,22,33,6,159.16,13536
17,22,33,7,159.15,13537
17,22,33,8,159.15,13538
17,22,33,9,159.16,13539
17,22,34,0,159.16,13540
17,22,34,1,159.17,13541
17,22,34,2,159.17,13542
17,22,34,3,159.18,13543
17,22,34,4,159.18,13544
17,22,34,5,159.18,13545
17,22,34,6,159.18,13546
17,22,34,7,159.19,13547
17,22,34,8,159.19,13548
17,22,34,9,159.19,13549
17,22,35,0,159.19,13550
17,22,35,1,159.21,13551
17,22,35,2,159.21,13552
17,22,35,3,159.21,13553
17,22,35,4,159.21,13554
17,22,35,5,159.23,13555
17,22,35,6,159.23,13556
17,22,35,7,159.24,13557
17,22,35,8,159.24,13558
17,22,35,9,159.26,13559
17,22,36,0,159.26,13560
17,22,36,1,159.29,13561
17,22,36,2,159.29,13562
17,22,36,3,159.3,13563
17,22,36,4,159.3,13564
17,22,36,5,159.31,13565
17,22,36,6,159.31,13566
17,22,36,7,159.33,13567
17,22,36,8,159.33,13568
17,22,36,9,159.34,13569
17,22,37,0,159.34,13570
17,22,37,1,159.35,13571
17,22,37,2,159.35,13572
17,22,37,3,159.37,13573
17,22,37,4,159.37,13574
17,22,37,5,159.38,13575
17,22,37,6,159.38,13576
17,22,37,7,159.38,13577
17,22,37,8,159.38,13578
17,22,37,9,159.39,13579
17,22,38,0,159.39,13580
17,22,38,1,159.4,13581
17,22,38,2,159.4,13582
17,22,38,3,159.41,13583
17,22,38,4,159.41,13584
17,22,38,5,159.42,13585
17,22,38,6,159.42,13586
17,22,38,7,159.43,13587
17,22,38,8,159.43,13588
17,22,38,9,159.44,13589
17,22,39,0,159.44,13590
17,22,39,1,159.44,13591
17,22,39,2,159.44,13592
17,22,39,3,159.45,13593
17,22,39,4,159.45,13594
17,22,39,5,159.45,13595
17,22,39,6,159.45,13596
17,22,39,7,159.45,13597
17,22,39,8,159.45,13598
17,22,39,9,159.46,13599
17,22,40,0,159.46,13600
17,22,40,1,159.47,13601
17,22,40,2,159.47,13602
17,22,40,3,159.46,13603
17,22,40,4,159.46,13604
17,22,40,5,159.48,13605
17,22,40,6,159.48,13606
17,22,40,7,159.49,13607
17,22,40,8,159.49,13608
17,22,40,9,159.5,13609
17,22,41,0,159.5,13610
17,22,41,1,159.5,13611
17,22,41,2,159.5,13612
17,22,41,3,159.5,13613
17,22,41,4,159.5,13614
17,22,41,5,159.51,13615
17,22,41,6,159.51,13616
17,22,41,7,159.52,13617
17,22,41,8,159.52,13618
17,22,41,9,159.52,13619
17,22,42,0,159.52,13620
17,22,42,1,159.52,13621
17,22,42,2,159.52,13622
17,22,42,3,159.53,13623
17,22,42,4,159.53,13624
17,22,42,5,159.54,13625
17,22,42,6,159.54,13626
17,22,42,7,159.54,13627
17,22,42,8,159.54,13628
17,22,42,9,159.56,13629
17,22,43,0,159.56,13630
17,22,43,1,159.56,13631
17,22,43,2,159.56,13632
17,22,43,3,159.57,13633
17,22,43,4,159.57,13634
17,22,43,5,159.58,13635
17,22,43,6,159.58,13636
17,22,43,7,159.59,13637
17,22,43,8,159.59,13638
17,22,43,9,159.59,13639
17,22,44,0,159.59,13640
17,22,44,1,159.6,13641
17,22,44,2,159.6,13642
17,22,44,3,159.61,13643
17,22,44,4,159.61,13644
17,22,44,5,159.61,13645
17,22,44,6,159.61,13646
17,22,44,7,159.63,13647
17,22,44,8,159.63,13648
17,22,44,9,159.63,13649
17,22,45,0,159.63,13650
17,22,45,1,159.62,13651
17,22,45,2,159.62,13652
17,22,45,3,159.63,13653
17,22,45,4,159.63,13654
17,22,45,5,159.65,13655
17,22,45,6,159.65,13656
17,22,45,7,159.65,13657
17,22,45,8,159.65,13658
17,22,45,9,159.65,13659
17,22,46,0,159.65,13660
17,22,46,1,159.66,13661
17,22,46,2,159.66,13662
17,22,46,3,159.67,13663
17,22,46,4,159.67,13664
17,22,46,5,159.67,13665
17,22,46,6,159.67,13666
17,22,46,7,159.68,13667
17,22,46,8,159.68,13668
17,22,46,9,159.68,13669
17,22,47,0,159.68,13670
17,22,47,1,159.68,13671
17,22,47,2,159.68,13672
17,22,47,3,159.69,13673
17,22,47,4,159.69,13674
17,22,47,5,159.7,13675
17,22,47,6,159.7,13676
17,22,47,7,159.7,13677
17,22,47,8,159.7,13678
17,22,47,9,159.71,13679
17,22,48,0,159.71,13680
17,22,48,1,159.71,13681
17,22,48,2,159.71,13682
17,22,48,3,159.71,13683
17,22,48,4,159.71,13684
17,22,48,5,159.71,13685
17,22,48,6,159.71,13686
17,22,48,7,159.71,13687
17,22,48,8,159.71,13688
17,22,48,9,159.7,13689
17,22,49,0,159.7,13690
17,22,49,1,159.69,13691
17,22,49,2,159.69,13692
17,22,49,3,159.7,13693
17,22,49,4,159.7,13694
17,22,49,5,159.7,13695
17,22,49,6,159.7,13696
17,22,49,7,159.7,13697
17,22,49,8,159.7,13698
17,22,49,9,159.71,13699
17,22,50,0,159.71,13700
17,22,50,1,159.71,13701
17,22,50,2,159.71,13702
17,22,50,3,159.73,13703
17,22,50,4,159.73,13704
17,22,50,5,159.74,13705
17,22,50,6,159.74,13706
17,22,50,7,159.75,13707
17,22,50,8,159.75,13708
17,22,50,9,159.75,13709
17,22,51,0,159.75,13710
17,22,51,1,159.75,13711
17,22,51,2,159.75,13712
17,22,51,3,159.75,13713
17,22,51,4,159.75,13714
17,22,51,5,159.75,13715
17,22,51,6,159.75,13716
17,22,51,7,159.76,13717
17,22,51,8,159.76,13718
17,22,51,9,159.77,13719
17,22,52,0,159.77,13720
17,22,52,1,159.79,13721
17,22,52,2,159.79,13722
17,22,52,3,159.8,13723
17,22,52,4,159.8,13724
17,22,52,5,159.8,13725
17,22,52,6,159.8,13726
17,22,52,7,159.82,13727
17,22,52,8,159.82,13728
17,22,52,9,159.84,13729
17,22,53,0,159.84,13730
17,22,53,1,159.84,13731
17,22,53,2,159.84,13732
17,22,53,3,159.86,13733
17,22,53,4,159.86,13734
17,22,53,5,159.87,13735
17,22,53,6,159.87,13736
17,22,53,7,159.87,13737
17,22,53,8,159.87,13738
17,22,53,9,159.88,13739
17,22,54,0,159.88,13740
17,22,54,1,159.88,13741
17,22,54,2,159.88,13742
17,22,54,3,159.89,13743
17,22,54,4,159.89,13744
17,22,54,5,159.89,13745
17,22,54,6,159.89,13746
17,22,54,7,159.9,13747
17,22,54,8,159.9,13748
17,22,54,9,159.91,13749
17,22,55,0,159.91,13750
17,22,55,1,159.92,13751
17,22,55,2,159.92,13752
17,22,55,3,159.93,13753
17,22,55,4,159.93,13754
17,22,55,5,159.93,13755
17,22,55,6,159.93,13756
17,22,55,7,159.93,13757
17,22,55,8,159.93,13758
17,22,55,9,159.93,13759
17,22,56,0,159.93,13760
17,22,56,1,159.94,13761
17,22,56,2,159.94,13762
17,22,56,3,159.94,13763
17,22,56,4,159.94,13764
17,22,56,5,159.94,13765
17,22,56,6,159.94,13766
17,22,56,7,159.94,13767
17,22,56,8,159.94,13768
17,22,56,9,159.95,13769
17,22,57,0,159.95,13770
17,22,57,1,159.95,13771
17,22,57,2,159.95,13772
17,22,57,3,159.96,13773
17,22,57,4,159.96,13774
17,22,57,5,159.97,13775
17,22,57,6,159.97,13776
17,22,57,7,159.98,13777
17,22,57,8,159.98,13778
17,22,57,9,159.99,13779
17,22,58,0,159.99,13780
17,22,58,1,159.99,13781
17,22,58,2,159.99,13782
17,22,58,3,159.99,13783
17,22,58,4,159.99,13784
17,22,58,5,159.99,13785
17,22,58,6,159.99,13786
17,22,58,7,159.98,13787
17,22,58,8,159.98,13788
17,22,58,9,160,13789
17,22,59,0,160,13790
17,22,59,1,160.01,13791
17,22,59,2,160.01,13792
17,22,59,3,160.02,13793
17,22,59,4,160.02,13794
17,22,59,5,160.03,13795
17,22,59,6,160.03,13796
17,22,59,7,160.05,13797
17,22,59,8,160.05,13798
17,22,59,9,160.06,13799
17,23,0,0,160.06,13800
17,23,0,1,160.07,13801
17,23,0,2,160.07,13802
17,23,0,3,160.08,13803
17,23,0,4,160.08,13804
17,23,0,5,160.09,13805
17,23,0,6,160.09,13806
17,23,0,7,160.1,13807
17,23,0,8,160.1,13808
17,23,0,9,160.11,13809
17,23,1,0,160.11,13810
17,23,1,1,160.11,13811
17,23,1,2,160.11,13812
17,23,1,3,160.12,13813
17,23,1,4,160.12,13814
17,23,1,5,160.14,13815
17,23,1,6,160.14,13816
17,23,1,7,160.14,13817
17,23,1,8,160.14,13818
17,23,1,9,160.16,13819
17,23,2,0,160.16,13820
17,23,2,1,160.17,13821
17,23,2,2,160.17,13822
17,23,2,3,160.18,13823
17,23,2,4,160.18,13824
17,23,2,5,160.17,13825
17,23,2,6,160.17,13826
17,23,2,7,160.18,13827
17,23,2,8,160.18,13828
17,23,2,9,160.19,13829
17,23,3,0,160.19,13830
17,23,3,1,160.22,13831
17,23,3,2,160.22,13832
17,23,3,3,160.22,13833
17,23,3,4,160.22,13834
17,23,3,5,160.22,13835
17,23,3,6,160.22,13836
17,23,3,7,160.23,13837
17,23,3,8,160.23,13838
17,23,3,9,160.24,13839
17,23,4,0,160.24,13840
17,23,4,1,160.24,13841
17,23,4,2,160.24,13842
17,23,4,3,160.25,13843
17,23,4,4,160.25,13844
17,23,4,5,160.26,13845
17,23,4,6,160.26,13846
17,23,4,7,160.27,13847
17,23,4,8,160.27,13848
17,23,4,9,160.27,13849
17,23,5,0,160.27,13850
17,23,5,1,160.29,13851
17,23,5,2,160.29,13852
17,23,5,3,160.32,13853
17,23,5,4,160.32,13854
17,23,5,5,160.32,13855
17,23,5,6,160.32,13856
17,23,5,7,160.33,13857
17,23,5,8,160.33,13858
17,23,5,9,160.34,13859
17,23,6,0,160.34,13860
17,23,6,1,160.34,13861
17,23,6,2,160.34,13862
17,23,6,3,160.33,13863
17,23,6,4,160.33,13864
17,23,6,5,160.34,13865
17,23,6,6,160.34,13866
17,23,6,7,160.32,13867
17,23,6,8,160.32,13868
17,23,6,9,160.32,13869
17,23,7,0,160.32,13870
17,23,7,1,160.32,13871
17,23,7,2,160.32,13872
17,23,7,3,160.33,13873
17,23,7,4,160.33,13874
17,23,7,5,160.33,13875
17,23,7,6,160.33,13876
17,23,7,7,160.33,13877
17,23,7,8,160.33,13878
17,23,7,9,160.33,13879
17,23,8,0,160.33,13880
17,23,8,1,160.33,13881
17,23,8,2,160.33,13882
17,23,8,3,160.32,13883
17,23,8,4,160.32,13884
17,23,8,5,160.33,13885
17,23,8,6,160.33,13886
17,23,8,7,160.33,13887
17,23,8,8,160.33,13888
17,23,8,9,160.35,13889
17,23,9,0,160.35,13890
17,23,9,1,160.35,13891
17,23,9,2,160.35,13892
17,23,9,3,160.35,13893
17,23,9,4,160.35,13894
17,23,9,5,160.35,13895
17,23,9,6,160.35,13896
17,23,9,7,160.35,13897
17,23,9,8,160.35,13898
17,23,9,9,160.34,13899
17,23,10,0,160.34,13900
17,23,10,1,160.35,13901
17,23,10,2,160.35,13902
17,23,10,3,160.35,13903
17,23,10,4,160.35,13904
17,23,10,5,160.35,13905
17,23,10,6,160.35,13906
17,23,10,7,160.35,13907
17,23,10,8,160.35,13908
17,23,10,9,160.35,13909
17,23,11,0,160.35,13910
17,23,11,1,160.35,13911
17,23,11,2,160.35,13912
17,23,11,3,160.35,13913
17,23,11,4,160.35,13914
17,23,11,5,160.35,13915
17,23,11,6,160.35,13916
17,23,11,7,160.36,13917
17,23,11,8,160.36,13918
17,23,11,9,160.37,13919
17,23,12,0,160.37,13920
17,23,12,1,160.37,13921
17,23,12,2,160.37,13922
17,23,12,3,160.38,13923
17,23,12,4,160.38,13924
17,23,12,5,160.39,13925
17,23,12,6,160.39,13926
17,23,12,7,160.4,13927
17,23,12,8,160.4,13928
17,23,12,9,160.41,13929
17,23,13,0,160.41,13930
17,23,13,1,160.43,13931
17,23,13,2,160.43,13932
17,23,13,3,160.44,13933
17,23,13,4,160.44,13934
17,23,13,5,160.44,13935
17,23,13,6,160.44,13936
17,23,13,7,160.44,13937
17,23,13,8,160.44,13938
17,23,13,9,160.44,13939
17,23,14,0,160.44,13940
17,23,14,1,160.45,13941
17,23,14,2,160.45,13942
17,23,14,3,160.45,13943
17,23,14,4,160.45,13944
17,23,14,5,160.46,13945
17,23,14,6,160.46,13946
17,23,14,7,160.47,13947
17,23,14,8,160.47,13948
17,23,14,9,160.48,13949
17,23,15,0,160.48,13950
17,23,15,1,160.5,13951
17,23,15,2,160.5,13952
17,23,15,3,160.51,13953
17,23,15,4,160.51,13954
17,23,15,5,160.52,13955
17,23,15,6,160.52,13956
17,23,15,7,160.53,13957
17,23,15,8,160.53,13958
17,23,15,9,160.55,13959
17,23,16,0,160.55,13960
17,23,16,1,160.55,13961
17,23,16,2,160.55,13962
17,23,16,3,160.57,13963
17,23,16,4,160.57,13964
17,23,16,5,160.58,13965
17,23,16,6,160.58,13966
17,23,16,7,160.58,13967
17,23,16,8,160.58,13968
17,23,16,9,160.6,13969
17,23,17,0,160.6,13970
17,23,17,1,160.61,13971
17,23,17,2,160.61,13972
17,23,17,3,160.62,13973
17,23,17,4,160.62,13974
17,23,17,5,160.62,13975
17,23,17,6,160.62,13976
17,23,17,7,160.62,13977
17,23,17,8,160.62,13978
17,23,17,9,160.63,13979
17,23,18,0,160.63,13980
17,23,18,1,160.64,13981
17,23,18,2,160.64,13982
17,23,18,3,160.66,13983
17,23,18,4,160.66,13984
17,23,18,5,160.66,13985
17,23,18,6,160.66,13986
17,23,18,7,160.66,13987
17,23,18,8,160.66,13988
17,23,18,9,160.67,13989
17,23,19,0,160.67,13990
17,23,19,1,160.68,13991
17,23,19,2,160.68,13992
17,23,19,3,160.68,13993
17,23,19,4,160.68,13994
17,23,19,5,160.69,13995
17,23,19,6,160.69,13996
17,23,19,7,160.7,13997
17,23,19,8,160.7,13998
17,23,19,9,160.71,13999
17,23,20,0,160.71,14000
17,23,20,1,160.72,14001
17,23,20,2,160.72,14002
17,23,20,3,160.73,14003
17,23,20,4,160.73,14004
17,23,20,5,160.73,14005
17,23,20,6,160.73,14006
17,23,20,7,160.75,14007
17,23,20,8,160.75,14008
17,23,20,9,160.77,14009
17,23,21,0,160.77,14010
17,23,21,1,160.78,14011
17,23,21,2,160.78,14012
17,23,21,3,160.79,14013
17,23,21,4,160.79,14014
17,23,21,5,160.8,14015
17,23,21,6,160.8,14016
17,23,21,7,160.81,14017
17,23,21,8,160.81,14018
17,23,21,9,160.81,14019
17,23,22,0,160.81,14020
17,23,22,1,160.82,14021
17,23,22,2,160.82,14022
17,23,22,3,160.81,14023
17,23,22,4,160.81,14024
17,23,22,5,160.81,14025
17,23,22,6,160.81,14026
17,23,22,7,160.81,14027
17,23,22,8,160.81,14028
17,23,22,9,160.81,14029
17,23,23,0,160.81,14030
17,23,23,1,160.81,14031
17,23,23,2,160.81,14032
17,23,23,3,160.83,14033
17,23,23,4,160.83,14034
17,23,23,5,160.83,14035
17,23,23,6,160.83,14036
17,23,23,7,160.84,14037
17,23,23,8,160.84,14038
17,23,23,9,160.84,14039
17,23,24,0,160.84,14040
17,23,24,1,160.85,14041
17,23,24,2,160.85,14042
17,23,24,3,160.86,14043
17,23,24,4,160.86,14044
17,23,24,5,160.86,14045
17,23,24,6,160.86,14046
17,23,24,7,160.87,14047
17,23,24,8,160.87,14048
17,23,24,9,160.87,14049
17,23,25,0,160.87,14050
17,23,25,1,160.87,14051
17,23,25,2,160.87,14052
17,23,25,3,160.88,14053
17,23,25,4,160.88,14054
17,23,25,5,160.89,14055
17,23,25,6,160.89,14056
17,23,25,7,160.9,14057
17,23,25,8,160.9,14058
17,23,25,9,160.9,14059
17,23,26,0,160.9,14060
17,23,26,1,160.91,14061
17,23,26,2,160.91,14062
17,23,26,3,160.93,14063
17,23,26,4,160.93,14064
17,23,26,5,160.93,14065
17,23,26,6,160.93,14066
17,23,26,7,160.93,14067
17,23,26,8,160.93,14068
17,23,26,9,160.94,14069
17,23,27,0,160.94,14070
17,23,27,1,160.95,14071
17,23,27,2,160.95,14072
17,23,27,3,160.96,14073
17,23,27,4,160.96,14074
17,23,27,5,160.96,14075
17,23,27,6,160.96,14076
17,23,27,7,160.97,14077
17,23,27,8,160.97,14078
17,23,27,9,160.98,14079
17,23,28,0,160.98,14080
17,23,28,1,160.98,14081
17,23,28,2,160.98,14082
17,23,28,3,160.99,14083
17,23,28,4,160.99,14084
17,23,28,5,161.01,14085
17,23,28,6,161.01,14086
17,23,28,7,161.01,14087
17,23,28,8,161.01,14088
17,23,28,9,161.01,14089
17,23,29,0,161.01,14090
17,23,29,1,161.02,14091
17,23,29,2,161.02,14092
17,23,29,3,161.02,14093
17,23,29,4,161.02,14094
17,23,29,5,161.02,14095
17,23,29,6,161.02,14096
17,23,29,7,161.03,14097
17,23,29,8,161.03,14098
17,23,29,9,161.02,14099
17,23,30,0,161.02,14100
17,23,30,1,161.03,14101
17,23,30,2,161.03,14102
17,23,30,3,161.03,14103
17,23,30,4,161.03,14104
17,23,30,5,161.03,14105
17,23,30,6,161.03,14106
17,23,30,7,161.03,14107
17,23,30,8,161.03,14108
17,23,30,9,161.04,14109
17,23,31,0,161.04,14110
17,23,31,1,161.04,14111
17,23,31,2,161.04,14112
17,23,31,3,161.04,14113
17,23,31,4,161.04,14114
17,23,31,5,161.03,14115
17,23,31,6,161.03,14116
17,23,31,7,161.05,14117
17,23,31,8,161.05,14118
17,23,31,9,161.05,14119
17,23,32,0,161.05,14120
17,23,32,1,161.06,14121
17,23,32,2,161.06,14122
17,23,32,3,161.05,14123
17,23,32,4,161.05,14124
17,23,32,5,161.07,14125
17,23,32,6,161.07,14126
17,23,32,7,161.07,14127
17,23,32,8,161.07,14128
17,23,32,9,161.05,14129
17,23,33,0,161.05,14130
17,23,33,1,161.06,14131
17,23,33,2,161.06,14132
17,23,33,3,161.06,14133
17,23,33,4,161.06,14134
17,23,33,5,161.07,14135
17,23,33,6,161.07,14136
17,23,33,7,161.08,14137
17,23,33,8,161.08,14138
17,23,33,9,161.09,14139
17,23,34,0,161.09,14140
17,23,34,1,161.09,14141
17,23,34,2,161.09,14142
17,23,34,3,161.09,14143
17,23,34,4,161.09,14144
17,23,34,5,161.09,14145
17,23,34,6,161.09,14146
17,23,34,7,161.09,14147
17,23,34,8,161.09,14148
17,23,34,9,161.09,14149
17,23,35,0,161.09,14150
17,23,35,1,161.1,14151
17,23,35,2,161.1,14152
17,23,35,3,161.1,14153
17,23,35,4,161.1,14154
17,23,35,5,161.11,14155
17,23,35,6,161.11,14156
17,23,35,7,161.11,14157
17,23,35,8,161.11,14158
17,23,35,9,161.11,14159
17,23,36,0,161.11,14160
17,23,36,1,161.12,14161
17,23,36,2,161.12,14162
17,23,36,3,161.11,14163
17,23,36,4,161.11,14164
17,23,36,5,161.12,14165
17,23,36,6,161.12,14166
17,23,36,7,161.11,14167
17,23,36,8,161.11,14168
17,23,36,9,161.1,14169
17,23,37,0,161.1,14170
17,23,37,1,161.08,14171
17,23,37,2,161.08,14172
17,23,37,3,161.09,14173
17,23,37,4,161.09,14174
17,23,37,5,161.09,14175
17,23,37,6,161.09,14176
17,23,37,7,161.09,14177
17,23,37,8,161.09,14178
17,23,37,9,161.1,14179
17,23,38,0,161.1,14180
17,23,38,1,161.1,14181
17,23,38,2,161.1,14182
17,23,38,3,161.11,14183
17,23,38,4,161.11,14184
17,23,38,5,161.12,14185
17,23,38,6,161.12,14186
17,23,38,7,161.12,14187
17,23,38,8,161.12,14188
17,23,38,9,161.13,14189
17,23,39,0,161.13,14190
17,23,39,1,161.14,14191
17,23,39,2,161.14,14192
17,23,39,3,161.13,14193
17,23,39,4,161.13,14194
17,23,39,5,161.13,14195
17,23,39,6,161.13,14196
17,23,39,7,161.13,14197
17,23,39,8,161.13,14198
17,23,39,9,161.14,14199
17,23,40,0,161.14,14200
17,23,40,1,161.15,14201
17,23,40,2,161.15,14202
17,23,40,3,161.15,14203
17,23,40,4,161.15,14204
17,23,40,5,161.14,14205
17,23,40,6,161.14,14206
17,23,40,7,161.13,14207
17,23,40,8,161.13,14208
17,23,40,9,161.12,14209
17,23,41,0,161.12,14210
17,23,41,1,161.11,14211
17,23,41,2,161.11,14212
17,23,41,3,161.12,14213
17,23,41,4,161.12,14214
17,23,41,5,161.13,14215
17,23,41,6,161.13,14216
17,23,41,7,161.13,14217
17,23,41,8,161.13,14218
17,23,41,9,161.14,14219
17,23,42,0,161.14,14220
17,23,42,1,161.14,14221
17,23,42,2,161.14,14222
17,23,42,3,161.15,14223
17,23,42,4,161.15,14224
17,23,42,5,161.15,14225
17,23,42,6,161.15,14226
17,23,42,7,161.15,14227
17,23,42,8,161.15,14228
17,23,42,9,161.15,14229
17,23,43,0,161.15,14230
17,23,43,1,161.16,14231
17,23,43,2,161.16,14232
17,23,43,3,161.15,14233
17,23,43,4,161.15,14234
17,23,43,5,161.14,14235
17,23,43,6,161.14,14236
17,23,43,7,161.15,14237
17,23,43,8,161.15,14238
17,23,43,9,161.15,14239
17,23,44,0,161.15,14240
17,23,44,1,161.15,14241
17,23,44,2,161.15,14242
17,23,44,3,161.14,14243
17,23,44,4,161.14,14244
17,23,44,5,161.13,14245
17,23,44,6,161.13,14246
17,23,44,7,161.13,14247
17,23,44,8,161.13,14248
17,23,44,9,161.14,14249
17,23,45,0,161.14,14250
17,23,45,1,161.14,14251
17,23,45,2,161.14,14252
17,23,45,3,161.13,14253
17,23,45,4,161.13,14254
17,23,45,5,161.14,14255
17,23,45,6,161.14,14256
17,23,45,7,161.14,14257
17,23,45,8,161.14,14258
17,23,45,9,161.14,14259
17,23,46,0,161.14,14260
17,23,46,1,161.15,14261
17,23,46,2,161.15,14262
17,23,46,3,161.16,14263
17,23,46,4,161.16,14264
17,23,46,5,161.17,14265
17,23,46,6,161.17,14266
17,23,46,7,161.18,14267
17,23,46,8,161.18,14268
17,23,46,9,161.18,14269
17,23,47,0,161.18,14270
17,23,47,1,161.18,14271
17,23,47,2,161.18,14272
17,23,47,3,161.18,14273
17,23,47,4,161.18,14274
17,23,47,5,161.17,14275
17,23,47,6,161.17,14276
17,23,47,7,161.17,14277
17,23,47,8,161.17,14278
17,23,47,9,161.16,14279
17,23,48,0,161.16,14280
17,23,48,1,161.16,14281
17,23,48,2,161.16,14282
17,23,48,3,161.17,14283
17,23,48,4,161.17,14284
17,23,48,5,161.17,14285
17,23,48,6,161.17,14286
17,23,48,7,161.18,14287
17,23,48,8,161.18,14288
17,23,48,9,161.18,14289
17,23,49,0,161.18,14290
17,23,49,1,161.18,14291
17,23,49,2,161.18,14292
17,23,49,3,161.18,14293
17,23,49,4,161.18,14294
17,23,49,5,161.19,14295
17,23,49,6,161.19,14296
17,23,49,7,161.18,14297
17,23,49,8,161.18,14298
17,23,49,9,161.18,14299
17,23,50,0,161.18,14300
17,23,50,1,161.19,14301
17,23,50,2,161.19,14302
17,23,50,3,161.2,14303
17,23,50,4,161.2,14304
17,23,50,5,161.2,14305
17,23,50,6,161.2,14306
17,23,50,7,161.19,14307
17,23,50,8,161.19,14308
17,23,50,9,161.19,14309
17,23,51,0,161.19,14310
17,23,51,1,161.19,14311
17,23,51,2,161.19,14312
17,23,51,3,161.19,14313
17,23,51,4,161.19,14314
17,23,51,5,161.19,14315
17,23,51,6,161.19,14316
17,23,51,7,161.18,14317
17,23,51,8,161.18,14318
17,23,51,9,161.18,14319
17,23,52,0,161.18,14320
17,23,52,1,161.17,14321
17,23,52,2,161.17,14322
17,23,52,3,161.18,14323
17,23,52,4,161.18,14324
17,23,52,5,161.18,14325
17,23,52,6,161.18,14326
17,23,52,7,161.18,14327
17,23,52,8,161.18,14328
17,23,52,9,161.18,14329
17,23,53,0,161.18,14330
17,23,53,1,161.18,14331
17,23,53,2,161.18,14332
17,23,53,3,161.18,14333
17,23,53,4,161.18,14334
17,23,53,5,161.18,14335
17,23,53,6,161.18,14336
17,23,53,7,161.18,14337
17,23,53,8,161.18,14338
17,23,53,9,161.18,14339
17,23,54,0,161.18,14340
17,23,54,1,161.18,14341
17,23,54,2,161.18,14342
17,23,54,3,161.17,14343
17,23,54,4,161.17,14344
17,23,54,5,161.16,14345
17,23,54,6,161.16,14346
17,23,54,7,161.16,14347
17,23,54,8,161.16,14348
17,23,54,9,161.15,14349
17,23,55,0,161.15,14350
17,23,55,1,161.14,14351
17,23,55,2,161.14,14352
17,23,55,3,161.14,14353
17,23,55,4,161.14,14354
17,23,55,5,161.13,14355
17,23,55,6,161.13,14356
17,23,55,7,161.13,14357
17,23,55,8,161.13,14358
17,23,55,9,161.13,14359
17,23,56,0,161.13,14360
17,23,56,1,161.13,14361
17,23,56,2,161.13,14362
17,23,56,3,161.12,14363
17,23,56,4,161.12,14364
17,23,56,5,161.12,14365
17,23,56,6,161.12,14366
17,23,56,7,161.12,14367
17,23,56,8,161.12,14368
17,23,56,9,161.12,14369
17,23,57,0,161.12,14370
17,23,57,1,161.11,14371
17,23,57,2,161.11,14372
17,23,57,3,161.1,14373
17,23,57,4,161.1,14374
17,23,57,5,161.1,14375
17,23,57,6,161.1,14376
17,23,57,7,161.11,14377
17,23,57,8,161.11,14378
17,23,57,9,161.1,14379
17,23,58,0,161.1,14380
17,23,58,1,161.1,14381
17,23,58,2,161.1,14382
17,23,58,3,161.09,14383
17,23,58,4,161.09,14384
17,23,58,5,161.1,14385
17,23,58,6,161.1,14386
17,23,58,7,161.1,14387
17,23,58,8,161.1,14388
17,23,58,9,161.1,14389
17,23,59,0,161.1,14390
17,23,59,1,161.09,14391
17,23,59,2,161.09,14392
17,23,59,3,161.08,14393
17,23,59,4,161.08,14394
17,23,59,5,161.09,14395
17,23,59,6,161.09,14396
17,23,59,7,161.11,14397
17,23,59,8,161.11,14398
17,23,59,9,161.12,14399
17,24,0,0,161.12,14400
17,24,0,1,161.13,14401
17,24,0,2,161.13,14402
17,24,0,3,161.14,14403
17,24,0,4,161.14,14404
17,24,0,5,161.14,14405
17,24,0,6,161.14,14406
17,24,0,7,161.13,14407
17,24,0,8,161.13,14408
17,24,0,9,161.13,14409
17,24,1,0,161.13,14410
17,24,1,1,161.14,14411
17,24,1,2,161.14,14412
17,24,1,3,161.14,14413
17,24,1,4,161.14,14414
17,24,1,5,161.15,14415
17,24,1,6,161.15,14416
17,24,1,7,161.15,14417
17,24,1,8,161.15,14418
17,24,1,9,161.15,14419
17,24,2,0,161.15,14420
17,24,2,1,161.15,14421
17,24,2,2,161.15,14422
17,24,2,3,161.15,14423
17,24,2,4,161.15,14424
17,24,2,5,161.14,14425
17,24,2,6,161.14,14426
17,24,2,7,161.14,14427
17,24,2,8,161.14,14428
17,24,2,9,161.12,14429
17,24,3,0,161.12,14430
17,24,3,1,161.12,14431
17,24,3,2,161.12,14432
17,24,3,3,161.13,14433
17,24,3,4,161.13,14434
17,24,3,5,161.13,14435
17,24,3,6,161.13,14436
17,24,3,7,161.13,14437
17,24,3,8,161.13,14438
17,24,3,9,161.13,14439
17,24,4,0,161.13,14440
17,24,4,1,161.14,14441
17,24,4,2,161.14,14442
17,24,4,3,161.13,14443
17,24,4,4,161.13,14444
17,24,4,5,161.13,14445
17,24,4,6,161.13,14446
17,24,4,7,161.12,14447
17,24,4,8,161.12,14448
17,24,4,9,161.12,14449
17,24,5,0,161.12,14450
17,24,5,1,161.11,14451
17,24,5,2,161.11,14452
17,24,5,3,161.11,14453
17,24,5,4,161.11,14454
17,24,5,5,161.1,14455
17,24,5,6,161.1,14456
17,24,5,7,161.1,14457
17,24,5,8,161.1,14458
17,24,5,9,161.12,14459
17,24,6,0,161.12,14460
17,24,6,1,161.12,14461
17,24,6,2,161.12,14462
17,24,6,3,161.1,14463
17,24,6,4,161.1,14464
17,24,6,5,161.1,14465
17,24,6,6,161.1,14466
17,24,6,7,161.09,14467
17,24,6,8,161.09,14468
17,24,6,9,161.08,14469
17,24,7,0,161.08,14470
17,24,7,1,161.09,14471
17,24,7,2,161.09,14472
17,24,7,3,161.09,14473
17,24,7,4,161.09,14474
17,24,7,5,161.08,14475
17,24,7,6,161.08,14476
17,24,7,7,161.07,14477
17,24,7,8,161.07,14478
17,24,7,9,161.07,14479
17,24,8,0,161.07,14480
17,24,8,1,161.07,14481
17,24,8,2,161.07,14482
17,24,8,3,161.06,14483
17,24,8,4,161.06,14484
17,24,8,5,161.06,14485
17,24,8,6,161.06,14486
17,24,8,7,161.06,14487
17,24,8,8,161.06,14488
17,24,8,9,161.06,14489
17,24,9,0,161.06,14490
17,24,9,1,161.05,14491
17,24,9,2,161.05,14492
17,24,9,3,161.05,14493
17,24,9,4,161.05,14494
17,24,9,5,161.04,14495
17,24,9,6,161.04,14496
17,24,9,7,161.03,14497
17,24,9,8,161.03,14498
17,24,9,9,161.02,14499
17,24,10,0,161.02,14500
17,24,10,1,161.02,14501
17,24,10,2,161.02,14502
17,24,10,3,161.01,14503
17,24,10,4,161.01,14504
17,24,10,5,161.01,14505
17,24,10,6,161.01,14506
17,24,10,7,161.01,14507
17,24,10,8,161.01,14508
17,24,10,9,161.01,14509
17,24,11,0,161.01,14510
17,24,11,1,161.01,14511
17,24,11,2,161.01,14512
17,24,11,3,161.02,14513
17,24,11,4,161.02,14514
17,24,11,5,161.02,14515
17,24,11,6,161.02,14516
17,24,11,7,161.02,14517
17,24,11,8,161.02,14518
17,24,11,9,161.02,14519
17,24,12,0,161.02,14520
17,24,12,1,161.01,14521
17,24,12,2,161.01,14522
17,24,12,3,161.01,14523
17,24,12,4,161.01,14524
17,24,12,5,161.01,14525
17,24,12,6,161.01,14526
17,24,12,7,161.02,14527
17,24,12,8,161.02,14528
17,24,12,9,161.01,14529
17,24,13,0,161.01,14530
17,24,13,1,161.02,14531
17,24,13,2,161.02,14532
17,24,13,3,161.01,14533
17,24,13,4,161.01,14534
17,24,13,5,161,14535
17,24,13,6,161,14536
17,24,13,7,161,14537
17,24,13,8,161,14538
17,24,13,9,161.01,14539
17,24,14,0,161.01,14540
17,24,14,1,161.01,14541
17,24,14,2,161.01,14542
17,24,14,3,161.01,14543
17,24,14,4,161.01,14544
17,24,14,5,161.02,14545
17,24,14,6,161.02,14546
17,24,14,7,161.03,14547
17,24,14,8,161.03,14548
17,24,14,9,161.03,14549
17,24,15,0,161.03,14550
17,24,15,1,161.04,14551
17,24,15,2,161.04,14552
17,24,15,3,161.05,14553
17,24,15,4,161.05,14554
17,24,15,5,161.05,14555
17,24,15,6,161.05,14556
17,24,15,7,161.06,14557
17,24,15,8,161.06,14558
17,24,15,9,161.06,14559
17,24,16,0,161.06,14560
17,24,16,1,161.07,14561
17,24,16,2,161.07,14562
17,24,16,3,161.08,14563
17,24,16,4,161.08,14564
17,24,16,5,161.08,14565
17,24,16,6,161.08,14566
17,24,16,7,161.08,14567
17,24,16,8,161.08,14568
17,24,16,9,161.1,14569
17,24,17,0,161.1,14570
17,24,17,1,161.1,14571
17,24,17,2,161.1,14572
17,24,17,3,161.09,14573
17,24,17,4,161.09,14574
17,24,17,5,161.09,14575
17,24,17,6,161.09,14576
17,24,17,7,161.09,14577
17,24,17,8,161.09,14578
17,24,17,9,161.09,14579
17,24,18,0,161.09,14580
17,24,18,1,161.1,14581
17,24,18,2,161.1,14582
17,24,18,3,161.09,14583
17,24,18,4,161.09,14584
17,24,18,5,161.1,14585
17,24,18,6,161.1,14586
17,24,18,7,161.1,14587
17,24,18,8,161.1,14588
17,24,18,9,161.11,14589
17,24,19,0,161.11,14590
17,24,19,1,161.1,14591
17,24,19,2,161.1,14592
17,24,19,3,161.1,14593
17,24,19,4,161.1,14594
17,24,19,5,161.11,14595
17,24,19,6,161.11,14596
17,24,19,7,161.12,14597
17,24,19,8,161.12,14598
17,24,19,9,161.11,14599
17,24,20,0,161.11,14600
17,24,20,1,161.11,14601
17,24,20,2,161.11,14602
17,24,20,3,161.12,14603
17,24,20,4,161.12,14604
17,24,20,5,161.12,14605
17,24,20,6,161.12,14606
17,24,20,7,161.11,14607
17,24,20,8,161.11,14608
17,24,20,9,161.1,14609
17,24,21,0,161.1,14610
17,24,21,1,161.1,14611
17,24,21,2,161.1,14612
17,24,21,3,161.1,14613
17,24,21,4,161.1,14614
17,24,21,5,161.1,14615
17,24,21,6,161.1,14616
17,24,21,7,161.09,14617
17,24,21,8,161.09,14618
17,24,21,9,161.08,14619
17,24,22,0,161.08,14620
17,24,22,1,161.07,14621
17,24,22,2,161.07,14622
17,24,22,3,161.07,14623
17,24,22,4,161.07,14624
17,24,22,5,161.08,14625
17,24,22,6,161.08,14626
17,24,22,7,161.06,14627
17,24,22,8,161.06,14628
17,24,22,9,161.06,14629
17,24,23,0,161.06,14630
17,24,23,1,161.06,14631
17,24,23,2,161.06,14632
17,24,23,3,161.07,14633
17,24,23,4,161.07,14634
17,24,23,5,161.06,14635
17,24,23,6,161.06,14636
17,24,23,7,161.07,14637
17,24,23,8,161.07,14638
17,24,23,9,161.08,14639
17,24,24,0,161.08,14640
17,24,24,1,161.08,14641
17,24,24,2,161.08,14642
17,24,24,3,161.08,14643
17,24,24,4,161.08,14644
17,24,24,5,161.08,14645
17,24,24,6,161.08,14646
17,24,24,7,161.09,14647
17,24,24,8,161.09,14648
17,24,24,9,161.08,14649
17,24,25,0,161.08,14650
17,24,25,1,161.07,14651
17,24,25,2,161.07,14652
17,24,25,3,161.05,14653
17,24,25,4,161.05,14654
17,24,25,5,161.05,14655
17,24,25,6,161.05,14656
17,24,25,7,161.06,14657
17,24,25,8,161.06,14658
17,24,25,9,161.06,14659
17,24,26,0,161.06,14660
17,24,26,1,161.08,14661
17,24,26,2,161.08,14662
17,24,26,3,161.09,14663
17,24,26,4,161.09,14664
17,24,26,5,161.08,14665
17,24,26,6,161.08,14666
17,24,26,7,161.09,14667
17,24,26,8,161.09,14668
17,24,26,9,161.09,14669
17,24,27,0,161.09,14670
17,24,27,1,161.1,14671
17,24,27,2,161.1,14672
17,24,27,3,161.11,14673
17,24,27,4,161.11,14674
17,24,27,5,161.1,14675
17,24,27,6,161.1,14676
17,24,27,7,161.09,14677
17,24,27,8,161.09,14678
17,24,27,9,161.1,14679
17,24,28,0,161.1,14680
17,24,28,1,161.1,14681
17,24,28,2,161.1,14682
17,24,28,3,161.11,14683
17,24,28,4,161.11,14684
17,24,28,5,161.11,14685
17,24,28,6,161.11,14686
17,24,28,7,161.11,14687
17,24,28,8,161.11,14688
17,24,28,9,161.12,14689
17,24,29,0,161.12,14690
17,24,29,1,161.12,14691
17,24,29,2,161.12,14692
17,24,29,3,161.12,14693
17,24,29,4,161.12,14694
17,24,29,5,161.11,14695
17,24,29,6,161.11,14696
17,24,29,7,161.1,14697
17,24,29,8,161.1,14698
17,24,29,9,161.09,14699
17,24,30,0,161.09,14700
17,24,30,1,161.1,14701
17,24,30,2,161.1,14702
17,24,30,3,161.09,14703
17,24,30,4,161.09,14704
17,24,30,5,161.09,14705
17,24,30,6,161.09,14706
17,24,30,7,161.09,14707
17,24,30,8,161.09,14708
17,24,30,9,161.08,14709
17,24,31,0,161.08,14710
17,24,31,1,161.07,14711
17,24,31,2,161.07,14712
17,24,31,3,161.07,14713
17,24,31,4,161.07,14714
17,24,31,5,161.07,14715
17,24,31,6,161.07,14716
17,24,31,7,161.08,14717
17,24,31,8,161.08,14718
17,24,31,9,161.09,14719
17,24,32,0,161.09,14720
17,24,32,1,161.1,14721
17,24,32,2,161.1,14722
17,24,32,3,161.09,14723
17,24,32,4,161.09,14724
17,24,32,5,161.08,14725
17,24,32,6,161.08,14726
17,24,32,7,161.07,14727
17,24,32,8,161.07,14728
17,24,32,9,161.08,14729
17,24,33,0,161.08,14730
17,24,33,1,161.08,14731
17,24,33,2,161.08,14732
17,24,33,3,161.08,14733
17,24,33,4,161.08,14734
17,24,33,5,161.08,14735
17,24,33,6,161.08,14736
17,24,33,7,161.1,14737
17,24,33,8,161.1,14738
17,24,33,9,161.1,14739
17,24,34,0,161.1,14740
17,24,34,1,161.1,14741
17,24,34,2,161.1,14742
17,24,34,3,161.09,14743
17,24,34,4,161.09,14744
17,24,34,5,161.1,14745
17,24,34,6,161.1,14746
17,24,34,7,161.11,14747
17,24,34,8,161.11,14748
17,24,34,9,161.1,14749
17,24,35,0,161.1,14750
17,24,35,1,161.1,14751
17,24,35,2,161.1,14752
17,24,35,3,161.09,14753
17,24,35,4,161.09,14754
17,24,35,5,161.08,14755
17,24,35,6,161.08,14756
17,24,35,7,161.09,14757
17,24,35,8,161.09,14758
17,24,35,9,161.09,14759
17,24,36,0,161.09,14760
17,24,36,1,161.07,14761
17,24,36,2,161.07,14762
17,24,36,3,161.08,14763
17,24,36,4,161.08,14764
17,24,36,5,161.1,14765
17,24,36,6,161.1,14766
17,24,36,7,161.1,14767
17,24,36,8,161.1,14768
17,24,36,9,161.11,14769
17,24,37,0,161.11,14770
17,24,37,1,161.11,14771
17,24,37,2,161.11,14772
17,24,37,3,161.11,14773
17,24,37,4,161.11,14774
17,24,37,5,161.08,14775
17,24,37,6,161.08,14776
17,24,37,7,161.09,14777
17,24,37,8,161.09,14778
17,24,37,9,161.09,14779
17,24,38,0,161.09,14780
17,24,38,1,161.09,14781
17,24,38,2,161.09,14782
17,24,38,3,161.09,14783
17,24,38,4,161.09,14784
17,24,38,5,161.1,14785
17,24,38,6,161.1,14786
17,24,38,7,161.11,14787
17,24,38,8,161.11,14788
17,24,38,9,161.1,14789
17,24,39,0,161.1,14790
17,24,39,1,161.1,14791
17,24,39,2,161.1,14792
17,24,39,3,161.1,14793
17,24,39,4,161.1,14794
17,24,39,5,161.07,14795
17,24,39,6,161.07,14796
17,24,39,7,161.07,14797
17,24,39,8,161.07,14798
17,24,39,9,161.09,14799
17,24,40,0,161.09,14800
17,24,40,1,161.1,14801
17,24,40,2,161.1,14802
17,24,40,3,161.09,14803
17,24,40,4,161.09,14804
17,24,40,5,161.1,14805
17,24,40,6,161.1,14806
17,24,40,7,161.1,14807
17,24,40,8,161.1,14808
17,24,40,9,161.09,14809
17,24,41,0,161.09,14810
17,24,41,1,161.09,14811
17,24,41,2,161.09,14812
17,24,41,3,161.08,14813
17,24,41,4,161.08,14814
17,24,41,5,161.08,14815
17,24,41,6,161.08,14816
17,24,41,7,161.08,14817
17,24,41,8,161.08,14818
17,24,41,9,161.08,14819
17,24,42,0,161.08,14820
17,24,42,1,161.09,14821
17,24,42,2,161.09,14822
17,24,42,3,161.09,14823
17,24,42,4,161.09,14824
17,24,42,5,161.1,14825
17,24,42,6,161.1,14826
17,24,42,7,161.11,14827
17,24,42,8,161.11,14828
17,24,42,9,161.11,14829
17,24,43,0,161.11,14830
17,24,43,1,161.13,14831
17,24,43,2,161.13,14832
17,24,43,3,161.14,14833
17,24,43,4,161.14,14834
17,24,43,5,161.15,14835
17,24,43,6,161.15,14836
17,24,43,7,161.15,14837
17,24,43,8,161.15,14838
17,24,43,9,161.15,14839
17,24,44,0,161.15,14840
17,24,44,1,161.15,14841
17,24,44,2,161.15,14842
17,24,44,3,161.16,14843
17,24,44,4,161.16,14844
17,24,44,5,161.16,14845
17,24,44,6,161.16,14846
17,24,44,7,161.2,14847
17,24,44,8,161.2,14848
17,24,44,9,161.22,14849
17,24,45,0,161.22,14850
17,24,45,1,161.22,14851
17,24,45,2,161.22,14852
17,24,45,3,161.22,14853
17,24,45,4,161.22,14854
17,24,45,5,161.21,14855
17,24,45,6,161.21,14856
17,24,45,7,161.23,14857
17,24,45,8,161.23,14858
17,24,45,9,161.24,14859
17,24,46,0,161.24,14860
17,24,46,1,161.25,14861
17,24,46,2,161.25,14862
17,24,46,3,161.25,14863
17,24,46,4,161.25,14864
17,24,46,5,161.27,14865
17,24,46,6,161.27,14866
17,24,46,7,161.28,14867
17,24,46,8,161.28,14868
17,24,46,9,161.31,14869
17,24,47,0,161.31,14870
17,24,47,1,161.31,14871
17,24,47,2,161.31,14872
17,24,47,3,161.31,14873
17,24,47,4,161.31,14874
17,24,47,5,161.31,14875
17,24,47,6,161.31,14876
17,24,47,7,161.32,14877
17,24,47,8,161.32,14878
17,24,47,9,161.32,14879
17,24,48,0,161.32,14880
17,24,48,1,161.33,14881
17,24,48,2,161.33,14882
17,24,48,3,161.32,14883
17,24,48,4,161.32,14884
17,24,48,5,161.33,14885
17,24,48,6,161.33,14886
17,24,48,7,161.35,14887
17,24,48,8,161.35,14888
17,24,48,9,161.36,14889
17,24,49,0,161.36,14890
17,24,49,1,161.33,14891
17,24,49,2,161.33,14892
17,24,49,3,161.33,14893
17,24,49,4,161.33,14894
17,24,49,5,161.33,14895
17,24,49,6,161.33,14896
17,24,49,7,161.34,14897
17,24,49,8,161.34,14898
17,24,49,9,161.35,14899
17,24,50,0,161.35,14900
17,24,50,1,161.37,14901
17,24,50,2,161.37,14902
17,24,50,3,161.38,14903
17,24,50,4,161.38,14904
17,24,50,5,161.4,14905
17,24,50,6,161.4,14906
17,24,50,7,161.41,14907
17,24,50,8,161.41,14908
17,24,50,9,161.43,14909
17,24,51,0,161.43,14910
17,24,51,1,161.42,14911
17,24,51,2,161.42,14912
17,24,51,3,161.42,14913
17,24,51,4,161.42,14914
17,24,51,5,161.43,14915
17,24,51,6,161.43,14916
17,24,51,7,161.43,14917
17,24,51,8,161.43,14918
17,24,51,9,161.45,14919
17,24,52,0,161.45,14920
17,24,52,1,161.45,14921
17,24,52,2,161.45,14922
17,24,52,3,161.47,14923
17,24,52,4,161.47,14924
17,24,52,5,161.49,14925
17,24,52,6,161.49,14926
17,24,52,7,161.51,14927
17,24,52,8,161.51,14928
17,24,52,9,161.5,14929
17,24,53,0,161.5,14930
17,24,53,1,161.5,14931
17,24,53,2,161.5,14932
17,24,53,3,161.5,14933
17,24,53,4,161.5,14934
17,24,53,5,161.5,14935
17,24,53,6,161.5,14936
17,24,53,7,161.52,14937
17,24,53,8,161.52,14938
17,24,53,9,161.54,14939
17,24,54,0,161.54,14940
17,24,54,1,161.54,14941
17,24,54,2,161.54,14942
17,24,54,3,161.55,14943
17,24,54,4,161.55,14944
17,24,54,5,161.55,14945
17,24,54,6,161.55,14946
17,24,54,7,161.57,14947
17,24,54,8,161.57,14948
17,24,54,9,161.56,14949
17,24,55,0,161.56,14950
17,24,55,1,161.56,14951
17,24,55,2,161.56,14952
17,24,55,3,161.58,14953
17,24,55,4,161.58,14954
17,24,55,5,161.59,14955
17,24,55,6,161.59,14956
17,24,55,7,161.61,14957
17,24,55,8,161.61,14958
17,24,55,9,161.62,14959
17,24,56,0,161.62,14960
17,24,56,1,161.62,14961
17,24,56,2,161.62,14962
17,24,56,3,161.65,14963
17,24,56,4,161.65,14964
17,24,56,5,161.64,14965
17,24,56,6,161.64,14966
17,24,56,7,161.63,14967
17,24,56,8,161.63,14968
17,24,56,9,161.64,14969
17,24,57,0,161.64,14970
17,24,57,1,161.65,14971
17,24,57,2,161.65,14972
17,24,57,3,161.65,14973
17,24,57,4,161.65,14974
17,24,57,5,161.66,14975
17,24,57,6,161.66,14976
17,24,57,7,161.67,14977
17,24,57,8,161.67,14978
17,24,57,9,161.68,14979
17,24,58,0,161.68,14980
17,24,58,1,161.68,14981
17,24,58,2,161.68,14982
17,24,58,3,161.7,14983
17,24,58,4,161.7,14984
17,24,58,5,161.7,14985
17,24,58,6,161.7,14986
17,24,58,7,161.68,14987
17,24,58,8,161.68,14988
17,24,58,9,161.67,14989
17,24,59,0,161.67,14990
17,24,59,1,161.67,14991
17,24,59,2,161.67,14992
17,24,59,3,161.67,14993
17,24,59,4,161.67,14994
17,24,59,5,161.68,14995
17,24,59,6,161.68,14996
17,24,59,7,161.69,14997
17,24,59,8,161.69,14998
17,24,59,9,161.71,14999
17,25,0,0,161.71,15000
17,25,0,1,161.73,15001
17,25,0,2,161.73,15002
17,25,0,3,161.72,15003
17,25,0,4,161.72,15004
17,25,0,5,161.72,15005
17,25,0,6,161.72,15006
17,25,0,7,161.72,15007
17,25,0,8,161.72,15008
17,25,0,9,161.74,15009
17,25,1,0,161.74,15010
17,25,1,1,161.73,15011
17,25,1,2,161.73,15012
17,25,1,3,161.73,15013
17,25,1,4,161.73,15014
17,25,1,5,161.74,15015
17,25,1,6,161.74,15016
17,25,1,7,161.75,15017
17,25,1,8,161.75,15018
17,25,1,9,161.75,15019
17,25,2,0,161.75,15020
17,25,2,1,161.75,15021
17,25,2,2,161.75,15022
17,25,2,3,161.76,15023
17,25,2,4,161.76,15024
17,25,2,5,161.75,15025
17,25,2,6,161.75,15026
17,25,2,7,161.75,15027
17,25,2,8,161.75,15028
17,25,2,9,161.75,15029
17,25,3,0,161.75,15030
17,25,3,1,161.74,15031
17,25,3,2,161.74,15032
17,25,3,3,161.75,15033
17,25,3,4,161.75,15034
17,25,3,5,161.75,15035
17,25,3,6,161.75,15036
17,25,3,7,161.76,15037
17,25,3,8,161.76,15038
17,25,3,9,161.75,15039
17,25,4,0,161.75,15040
17,25,4,1,161.75,15041
17,25,4,2,161.75,15042
17,25,4,3,161.75,15043
17,25,4,4,161.75,15044
17,25,4,5,161.76,15045
17,25,4,6,161.76,15046
17,25,4,7,161.77,15047
17,25,4,8,161.77,15048
17,25,4,9,161.77,15049
17,25,5,0,161.77,15050
17,25,5,1,161.77,15051
17,25,5,2,161.77,15052
17,25,5,3,161.77,15053
17,25,5,4,161.77,15054
17,25,5,5,161.78,15055
17,25,5,6,161.78,15056
17,25,5,7,161.78,15057
17,25,5,8,161.78,15058
17,25,5,9,161.78,15059
17,25,6,0,161.78,15060
17,25,6,1,161.78,15061
17,25,6,2,161.78,15062
17,25,6,3,161.77,15063
17,25,6,4,161.77,15064
17,25,6,5,161.77,15065
17,25,6,6,161.77,15066
17,25,6,7,161.76,15067
17,25,6,8,161.76,15068
17,25,6,9,161.77,15069
17,25,7,0,161.77,15070
17,25,7,1,161.77,15071
17,25,7,2,161.77,15072
17,25,7,3,161.78,15073
17,25,7,4,161.78,15074
17,25,7,5,161.79,15075
17,25,7,6,161.79,15076
17,25,7,7,161.8,15077
17,25,7,8,161.8,15078
17,25,7,9,161.8,15079
17,25,8,0,161.8,15080
17,25,8,1,161.8,15081
17,25,8,2,161.8,15082
17,25,8,3,161.79,15083
17,25,8,4,161.79,15084
17,25,8,5,161.79,15085
17,25,8,6,161.79,15086
17,25,8,7,161.8,15087
17,25,8,8,161.8,15088
17,25,8,9,161.8,15089
17,25,9,0,161.8,15090
17,25,9,1,161.81,15091
17,25,9,2,161.81,15092
17,25,9,3,161.82,15093
17,25,9,4,161.82,15094
17,25,9,5,161.84,15095
17,25,9,6,161.84,15096
17,25,9,7,161.84,15097
17,25,9,8,161.84,15098
17,25,9,9,161.87,15099
17,25,10,0,161.87,15100
17,25,10,1,161.85,15101
17,25,10,2,161.85,15102
17,25,10,3,161.85,15103
17,25,10,4,161.85,15104
17,25,10,5,161.84,15105
17,25,10,6,161.84,15106
17,25,10,7,161.84,15107
17,25,10,8,161.84,15108
17,25,10,9,161.85,15109
17,25,11,0,161.85,15110
17,25,11,1,161.84,15111
17,25,11,2,161.84,15112
17,25,11,3,161.86,15113
17,25,11,4,161.86,15114
17,25,11,5,161.86,15115
17,25,11,6,161.86,15116
17,25,11,7,161.88,15117
17,25,11,8,161.88,15118
17,25,11,9,161.89,15119
17,25,12,0,161.89,15120
17,25,12,1,161.9,15121
17,25,12,2,161.9,15122
17,25,12,3,161.89,15123
17,25,12,4,161.89,15124
17,25,12,5,161.89,15125
17,25,12,6,161.89,15126
17,25,12,7,161.89,15127
17,25,12,8,161.89,15128
17,25,12,9,161.9,15129
17,25,13,0,161.9,15130
17,25,13,1,161.89,15131
17,25,13,2,161.89,15132
17,25,13,3,161.9,15133
17,25,13,4,161.9,15134
17,25,13,5,161.91,15135
17,25,13,6,161.91,15136
17,25,13,7,161.92,15137
17,25,13,8,161.92,15138
17,25,13,9,161.93,15139
17,25,14,0,161.93,15140
17,25,14,1,161.93,15141
17,25,14,2,161.93,15142
17,25,14,3,161.93,15143
17,25,14,4,161.93,15144
17,25,14,5,161.93,15145
17,25,14,6,161.93,15146
17,25,14,7,161.94,15147
17,25,14,8,161.94,15148
17,25,14,9,161.94,15149
17,25,15,0,161.94,15150
17,25,15,1,161.94,15151
17,25,15,2,161.94,15152
17,25,15,3,161.94,15153
17,25,15,4,161.94,15154
17,25,15,5,161.94,15155
17,25,15,6,161.94,15156
17,25,15,7,161.95,15157
17,25,15,8,161.95,15158
17,25,15,9,161.94,15159
17,25,16,0,161.94,15160
17,25,16,1,161.93,15161
17,25,16,2,161.93,15162
17,25,16,3,161.93,15163
17,25,16,4,161.93,15164
17,25,16,5,161.94,15165
17,25,16,6,161.94,15166
17,25,16,7,161.94,15167
17,25,16,8,161.94,15168
17,25,16,9,161.94,15169
17,25,17,0,161.94,15170
17,25,17,1,161.96,15171
17,25,17,2,161.96,15172
17,25,17,3,161.96,15173
17,25,17,4,161.96,15174
17,25,17,5,161.97,15175
17,25,17,6,161.97,15176
17,25,17,7,161.96,15177
17,25,17,8,161.96,15178
17,25,17,9,161.95,15179
17,25,18,0,161.95,15180
17,25,18,1,161.96,15181
17,25,18,2,161.96,15182
17,25,18,3,161.93,15183
17,25,18,4,161.93,15184
17,25,18,5,161.93,15185
17,25,18,6,161.93,15186
17,25,18,7,161.94,15187
17,25,18,8,161.94,15188
17,25,18,9,161.94,15189
17,25,19,0,161.94,15190
17,25,19,1,161.94,15191
17,25,19,2,161.94,15192
17,25,19,3,161.94,15193
17,25,19,4,161.94,15194
17,25,19,5,161.94,15195
17,25,19,6,161.94,15196
17,25,19,7,161.93,15197
17,25,19,8,161.93,15198
17,25,19,9,161.94,15199
17,25,20,0,161.94,15200
17,25,20,1,161.94,15201
17,25,20,2,161.94,15202
17,25,20,3,161.94,15203
17,25,20,4,161.94,15204
17,25,20,5,161.93,15205
17,25,20,6,161.93,15206
17,25,20,7,161.92,15207
17,25,20,8,161.92,15208
17,25,20,9,161.92,15209
17,25,21,0,161.92,15210
17,25,21,1,161.92,15211
17,25,21,2,161.92,15212
17,25,21,3,161.93,15213
17,25,21,4,161.93,15214
17,25,21,5,161.93,15215
17,25,21,6,161.93,15216
17,25,21,7,161.93,15217
17,25,21,8,161.93,15218
17,25,21,9,161.91,15219
17,25,22,0,161.91,15220
17,25,22,1,161.91,15221
17,25,22,2,161.91,15222
17,25,22,3,161.91,15223
17,25,22,4,161.91,15224
17,25,22,5,161.92,15225
17,25,22,6,161.92,15226
17,25,22,7,161.93,15227
17,25,22,8,161.93,15228
17,25,22,9,161.93,15229
17,25,23,0,161.93,15230
17,25,23,1,161.94,15231
17,25,23,2,161.94,15232
17,25,23,3,161.95,15233
17,25,23,4,161.95,15234
17,25,23,5,161.97,15235
17,25,23,6,161.97,15236
17,25,23,7,161.97,15237
17,25,23,8,161.97,15238
17,25,23,9,161.97,15239
17,25,24,0,161.97,15240
17,25,24,1,161.97,15241
17,25,24,2,161.97,15242
17,25,24,3,161.98,15243
17,25,24,4,161.98,15244
17,25,24,5,161.97,15245
17,25,24,6,161.97,15246
17,25,24,7,161.98,15247
17,25,24,8,161.98,15248
17,25,24,9,161.99,15249
17,25,25,0,161.99,15250
17,25,25,1,161.99,15251
17,25,25,2,161.99,15252
17,25,25,3,161.99,15253
17,25,25,4,161.99,15254
17,25,25,5,161.99,15255
17,25,25,6,161.99,15256
17,25,25,7,161.98,15257
17,25,25,8,161.98,15258
17,25,25,9,161.98,15259
17,25,26,0,161.98,15260
17,25,26,1,161.98,15261
17,25,26,2,161.98,15262
17,25,26,3,161.98,15263
17,25,26,4,161.98,15264
17,25,26,5,161.98,15265
17,25,26,6,161.98,15266
17,25,26,7,161.99,15267
17,25,26,8,161.99,15268
17,25,26,9,162,15269
17,25,27,0,162,15270
17,25,27,1,162.01,15271
17,25,27,2,162.01,15272
17,25,27,3,162.02,15273
17,25,27,4,162.02,15274
17,25,27,5,162.02,15275
17,25,27,6,162.02,15276
17,25,27,7,162.01,15277
17,25,27,8,162.01,15278
17,25,27,9,162.02,15279
17,25,28,0,162.02,15280
17,25,28,1,162.02,15281
17,25,28,2,162.02,15282
17,25,28,3,162.03,15283
17,25,28,4,162.03,15284
17,25,28,5,162.04,15285
17,25,28,6,162.04,15286
17,25,28,7,162.04,15287
17,25,28,8,162.04,15288
17,25,28,9,162.05,15289
17,25,29,0,162.05,15290
17,25,29,1,162.05,15291
17,25,29,2,162.05,15292
17,25,29,3,162.06,15293
17,25,29,4,162.06,15294
17,25,29,5,162.06,15295
17,25,29,6,162.06,15296
17,25,29,7,162.06,15297
17,25,29,8,162.06,15298
17,25,29,9,162.08,15299
17,25,30,0,162.08,15300
17,25,30,1,162.09,15301
17,25,30,2,162.09,15302
17,25,30,3,162.1,15303
17,25,30,4,162.1,15304
17,25,30,5,162.11,15305
17,25,30,6,162.11,15306
17,25,30,7,162.11,15307
17,25,30,8,162.11,15308
17,25,30,9,162.12,15309
17,25,31,0,162.12,15310
17,25,31,1,162.13,15311
17,25,31,2,162.13,15312
17,25,31,3,162.14,15313
17,25,31,4,162.14,15314
17,25,31,5,162.17,15315
17,25,31,6,162.17,15316
17,25,31,7,162.18,15317
17,25,31,8,162.18,15318
17,25,31,9,162.18,15319
17,25,32,0,162.18,15320
17,25,32,1,162.2,15321
17,25,32,2,162.2,15322
17,25,32,3,162.21,15323
17,25,32,4,162.21,15324
17,25,32,5,162.23,15325
17,25,32,6,162.23,15326
17,25,32,7,162.24,15327
17,25,32,8,162.24,15328
17,25,32,9,162.26,15329
17,25,33,0,162.26,15330
17,25,33,1,162.29,15331
17,25,33,2,162.29,15332
17,25,33,3,162.3,15333
17,25,33,4,162.3,15334
17,25,33,5,162.29,15335
17,25,33,6,162.29,15336
17,25,33,7,162.29,15337
17,25,33,8,162.29,15338
17,25,33,9,162.3,15339
17,25,34,0,162.3,15340
17,25,34,1,162.31,15341
17,25,34,2,162.31,15342
17,25,34,3,162.33,15343
17,25,34,4,162.33,15344
17,25,34,5,162.32,15345
17,25,34,6,162.32,15346
17,25,34,7,162.33,15347
17,25,34,8,162.33,15348
17,25,34,9,162.33,15349
17,25,35,0,162.33,15350
17,25,35,1,162.33,15351
17,25,35,2,162.33,15352
17,25,35,3,162.34,15353
17,25,35,4,162.34,15354
17,25,35,5,162.33,15355
17,25,35,6,162.33,15356
17,25,35,7,162.33,15357
17,25,35,8,162.33,15358
17,25,35,9,162.34,15359
17,25,36,0,162.34,15360
17,25,36,1,162.34,15361
17,25,36,2,162.34,15362
17,25,36,3,162.33,15363
17,25,36,4,162.33,15364
17,25,36,5,162.34,15365
17,25,36,6,162.34,15366
17,25,36,7,162.34,15367
17,25,36,8,162.34,15368
17,25,36,9,162.34,15369
17,25,37,0,162.34,15370
17,25,37,1,162.34,15371
17,25,37,2,162.34,15372
17,25,37,3,162.34,15373
17,25,37,4,162.34,15374
17,25,37,5,162.34,15375
17,25,37,6,162.34,15376
17,25,37,7,162.35,15377
17,25,37,8,162.35,15378
17,25,37,9,162.34,15379
17,25,38,0,162.34,15380
17,25,38,1,162.34,15381
17,25,38,2,162.34,15382
17,25,38,3,162.36,15383
17,25,38,4,162.36,15384
17,25,38,5,162.35,15385
17,25,38,6,162.35,15386
17,25,38,7,162.35,15387
17,25,38,8,162.35,15388
17,25,38,9,162.36,15389
17,25,39,0,162.36,15390
17,25,39,1,162.35,15391
17,25,39,2,162.35,15392
17,25,39,3,162.35,15393
17,25,39,4,162.35,15394
17,25,39,5,162.36,15395
17,25,39,6,162.36,15396
17,25,39,7,162.36,15397
17,25,39,8,162.36,15398
17,25,39,9,162.37,15399
17,25,40,0,162.37,15400
17,25,40,1,162.37,15401
17,25,40,2,162.37,15402
17,25,40,3,162.38,15403
17,25,40,4,162.38,15404
17,25,40,5,162.38,15405
17,25,40,6,162.38,15406
17,25,40,7,162.41,15407
17,25,40,8,162.41,15408
17,25,40,9,162.41,15409
17,25,41,0,162.41,15410
17,25,41,1,162.41,15411
17,25,41,2,162.41,15412
17,25,41,3,162.4,15413
17,25,41,4,162.4,15414
17,25,41,5,162.41,15415
17,25,41,6,162.41,15416
17,25,41,7,162.42,15417
17,25,41,8,162.42,15418
17,25,41,9,162.42,15419
17,25,42,0,162.42,15420
17,25,42,1,162.43,15421
17,25,42,2,162.43,15422
17,25,42,3,162.44,15423
17,25,42,4,162.44,15424
17,25,42,5,162.45,15425
17,25,42,6,162.45,15426
17,25,42,7,162.45,15427
17,25,42,8,162.45,15428
17,25,42,9,162.46,15429
17,25,43,0,162.46,15430
17,25,43,1,162.46,15431
17,25,43,2,162.46,15432
17,25,43,3,162.46,15433
17,25,43,4,162.46,15434
17,25,43,5,162.47,15435
17,25,43,6,162.47,15436
17,25,43,7,162.47,15437
17,25,43,8,162.47,15438
17,25,43,9,162.46,15439
17,25,44,0,162.46,15440
17,25,44,1,162.46,15441
17,25,44,2,162.46,15442
17,25,44,3,162.47,15443
17,25,44,4,162.47,15444
17,25,44,5,162.48,15445
17,25,44,6,162.48,15446
17,25,44,7,162.47,15447
17,25,44,8,162.47,15448
17,25,44,9,162.47,15449
17,25,45,0,162.47,15450
17,25,45,1,162.46,15451
17,25,45,2,162.46,15452
17,25,45,3,162.48,15453
17,25,45,4,162.48,15454
17,25,45,5,162.48,15455
17,25,45,6,162.48,15456
17,25,45,7,162.47,15457
17,25,45,8,162.47,15458
17,25,45,9,162.47,15459
17,25,46,0,162.47,15460
17,25,46,1,162.47,15461
17,25,46,2,162.47,15462
17,25,46,3,162.48,15463
17,25,46,4,162.48,15464
17,25,46,5,162.48,15465
17,25,46,6,162.48,15466
17,25,46,7,162.47,15467
17,25,46,8,162.47,15468
17,25,46,9,162.47,15469
17,25,47,0,162.47,15470
17,25,47,1,162.49,15471
17,25,47,2,162.49,15472
17,25,47,3,162.49,15473
17,25,47,4,162.49,15474
17,25,47,5,162.48,15475
17,25,47,6,162.48,15476
17,25,47,7,162.48,15477
17,25,47,8,162.48,15478
17,25,47,9,162.49,15479
17,25,48,0,162.49,15480
17,25,48,1,162.48,15481
17,25,48,2,162.48,15482
17,25,48,3,162.48,15483
17,25,48,4,162.48,15484
17,25,48,5,162.47,15485
17,25,48,6,162.47,15486
17,25,48,7,162.47,15487
17,25,48,8,162.47,15488
17,25,48,9,162.47,15489
17,25,49,0,162.47,15490
17,25,49,1,162.47,15491
17,25,49,2,162.47,15492
17,25,49,3,162.47,15493
17,25,49,4,162.47,15494
17,25,49,5,162.47,15495
17,25,49,6,162.47,15496
17,25,49,7,162.48,15497
17,25,49,8,162.48,15498
17,25,49,9,162.47,15499
17,25,50,0,162.47,15500
17,25,50,1,162.48,15501
17,25,50,2,162.48,15502
17,25,50,3,162.47,15503
17,25,50,4,162.47,15504
17,25,50,5,162.47,15505
17,25,50,6,162.47,15506
17,25,50,7,162.47,15507
17,25,50,8,162.47,15508
17,25,50,9,162.51,15509
17,25,51,0,162.51,15510
17,25,51,1,162.52,15511
17,25,51,2,162.52,15512
17,25,51,3,162.54,15513
17,25,51,4,162.54,15514
17,25,51,5,162.55,15515
17,25,51,6,162.55,15516
17,25,51,7,162.55,15517
17,25,51,8,162.55,15518
17,25,51,9,162.55,15519
17,25,52,0,162.55,15520
17,25,52,1,162.56,15521
17,25,52,2,162.56,15522
17,25,52,3,162.56,15523
17,25,52,4,162.56,15524
17,25,52,5,162.57,15525
17,25,52,6,162.57,15526
17,25,52,7,162.57,15527
17,25,52,8,162.57,15528
17,25,52,9,162.58,15529
17,25,53,0,162.58,15530
17,25,53,1,162.59,15531
17,25,53,2,162.59,15532
17,25,53,3,162.59,15533
17,25,53,4,162.59,15534
17,25,53,5,162.6,15535
17,25,53,6,162.6,15536
17,25,53,7,162.59,15537
17,25,53,8,162.59,15538
17,25,53,9,162.6,15539
17,25,54,0,162.6,15540
17,25,54,1,162.62,15541
17,25,54,2,162.62,15542
17,25,54,3,162.6,15543
17,25,54,4,162.6,15544
17,25,54,5,162.61,15545
17,25,54,6,162.61,15546
17,25,54,7,162.6,15547
17,25,54,8,162.6,15548
17,25,54,9,162.62,15549
17,25,55,0,162.62,15550
17,25,55,1,162.64,15551
17,25,55,2,162.64,15552
17,25,55,3,162.65,15553
17,25,55,4,162.65,15554
17,25,55,5,162.64,15555
17,25,55,6,162.64,15556
17,25,55,7,162.64,15557
17,25,55,8,162.64,15558
17,25,55,9,162.65,15559
17,25,56,0,162.65,15560
17,25,56,1,162.65,15561
17,25,56,2,162.65,15562
17,25,56,3,162.67,15563
17,25,56,4,162.67,15564
17,25,56,5,162.67,15565
17,25,56,6,162.67,15566
17,25,56,7,162.69,15567
17,25,56,8,162.69,15568
17,25,56,9,162.7,15569
17,25,57,0,162.7,15570
17,25,57,1,162.71,15571
17,25,57,2,162.71,15572
17,25,57,3,162.72,15573
17,25,57,4,162.72,15574
17,25,57,5,162.73,15575
17,25,57,6,162.73,15576
17,25,57,7,162.74,15577
17,25,57,8,162.74,15578
17,25,57,9,162.76,15579
17,25,58,0,162.76,15580
17,25,58,1,162.76,15581
17,25,58,2,162.76,15582
17,25,58,3,162.77,15583
17,25,58,4,162.77,15584
17,25,58,5,162.79,15585
17,25,58,6,162.79,15586
17,25,58,7,162.82,15587
17,25,58,8,162.82,15588
17,25,58,9,162.87,15589
17,25,59,0,162.87,15590
17,25,59,1,162.87,15591
17,25,59,2,162.87,15592
17,25,59,3,162.84,15593
17,25,59,4,162.84,15594
17,25,59,5,162.84,15595
17,25,59,6,162.84,15596
17,25,59,7,162.86,15597
17,25,59,8,162.86,15598
17,25,59,9,162.87,15599
17,26,0,0,162.87,15600
17,26,0,1,162.88,15601
17,26,0,2,162.88,15602
17,26,0,3,162.88,15603
17,26,0,4,162.88,15604
17,26,0,5,162.88,15605
17,26,0,6,162.88,15606
17,26,0,7,162.88,15607
17,26,0,8,162.88,15608
17,26,0,9,162.88,15609
17,26,1,0,162.88,15610
17,26,1,1,162.88,15611
17,26,1,2,162.88,15612
17,26,1,3,162.88,15613
17,26,1,4,162.88,15614
17,26,1,5,162.87,15615
17,26,1,6,162.87,15616
17,26,1,7,162.89,15617
17,26,1,8,162.89,15618
17,26,1,9,162.88,15619
17,26,2,0,162.88,15620
17,26,2,1,162.89,15621
17,26,2,2,162.89,15622
17,26,2,3,162.89,15623
17,26,2,4,162.89,15624
17,26,2,5,162.9,15625
17,26,2,6,162.9,15626
17,26,2,7,162.9,15627
17,26,2,8,162.9,15628
17,26,2,9,162.9,15629
17,26,3,0,162.9,15630
17,26,3,1,162.9,15631
17,26,3,2,162.9,15632
17,26,3,3,162.89,15633
17,26,3,4,162.89,15634
17,26,3,5,162.89,15635
17,26,3,6,162.89,15636
17,26,3,7,162.88,15637
17,26,3,8,162.88,15638
17,26,3,9,162.89,15639
17,26,4,0,162.89,15640
17,26,4,1,162.9,15641
17,26,4,2,162.9,15642
17,26,4,3,162.91,15643
17,26,4,4,162.91,15644
17,26,4,5,162.91,15645
17,26,4,6,162.91,15646
17,26,4,7,162.9,15647
17,26,4,8,162.9,15648
17,26,4,9,162.89,15649
17,26,5,0,162.89,15650
17,26,5,1,162.89,15651
17,26,5,2,162.89,15652
17,26,5,3,162.91,15653
17,26,5,4,162.91,15654
17,26,5,5,162.91,15655
17,26,5,6,162.91,15656
17,26,5,7,162.93,15657
17,26,5,8,162.93,15658
17,26,5,9,162.94,15659
17,26,6,0,162.94,15660
17,26,6,1,162.93,15661
17,26,6,2,162.93,15662
17,26,6,3,162.95,15663
17,26,6,4,162.95,15664
17,26,6,5,162.95,15665
17,26,6,6,162.95,15666
17,26,6,7,162.95,15667
17,26,6,8,162.95,15668
17,26,6,9,162.96,15669
17,26,7,0,162.96,15670
17,26,7,1,162.97,15671
17,26,7,2,162.97,15672
17,26,7,3,162.98,15673
17,26,7,4,162.98,15674
17,26,7,5,162.99,15675
17,26,7,6,162.99,15676
17,26,7,7,162.99,15677
17,26,7,8,162.99,15678
17,26,7,9,163,15679
17,26,8,0,163,15680
17,26,8,1,163.01,15681
17,26,8,2,163.01,15682
17,26,8,3,163.01,15683
17,26,8,4,163.01,15684
17,26,8,5,163.01,15685
17,26,8,6,163.01,15686
17,26,8,7,163.01,15687
17,26,8,8,163.01,15688
17,26,8,9,163.01,15689
17,26,9,0,163.01,15690
17,26,9,1,163.03,15691
17,26,9,2,163.03,15692
17,26,9,3,163.04,15693
17,26,9,4,163.04,15694
17,26,9,5,163.04,15695
17,26,9,6,163.04,15696
17,26,9,7,163.04,15697
17,26,9,8,163.04,15698
17,26,9,9,163.06,15699
17,26,10,0,163.06,15700
17,26,10,1,163.06,15701
17,26,10,2,163.06,15702
17,26,10,3,163.06,15703
17,26,10,4,163.06,15704
17,26,10,5,163.07,15705
17,26,10,6,163.07,15706
17,26,10,7,163.07,15707
17,26,10,8,163.07,15708
17,26,10,9,163.08,15709
17,26,11,0,163.08,15710
17,26,11,1,163.08,15711
17,26,11,2,163.08,15712
17,26,11,3,163.09,15713
17,26,11,4,163.09,15714
17,26,11,5,163.09,15715
17,26,11,6,163.09,15716
17,26,11,7,163.11,15717
17,26,11,8,163.11,15718
17,26,11,9,163.12,15719
17,26,12,0,163.12,15720
17,26,12,1,163.12,15721
17,26,12,2,163.12,15722
17,26,12,3,163.12,15723
17,26,12,4,163.12,15724
17,26,12,5,163.12,15725
17,26,12,6,163.12,15726
17,26,12,7,163.14,15727
17,26,12,8,163.14,15728
17,26,12,9,163.13,15729
17,26,13,0,163.13,15730
17,26,13,1,163.14,15731
17,26,13,2,163.14,15732
17,26,13,3,163.15,15733
17,26,13,4,163.15,15734
17,26,13,5,163.16,15735
17,26,13,6,163.16,15736
17,26,13,7,163.18,15737
17,26,13,8,163.18,15738
17,26,13,9,163.19,15739
17,26,14,0,163.19,15740
17,26,14,1,163.2,15741
17,26,14,2,163.2,15742
17,26,14,3,163.21,15743
17,26,14,4,163.21,15744
17,26,14,5,163.2,15745
17,26,14,6,163.2,15746
17,26,14,7,163.22,15747
17,26,14,8,163.22,15748
17,26,14,9,163.23,15749
17,26,15,0,163.23,15750
17,26,15,1,163.22,15751
17,26,15,2,163.22,15752
17,26,15,3,163.25,15753
17,26,15,4,163.25,15754
17,26,15,5,163.27,15755
17,26,15,6,163.27,15756
17,26,15,7,163.28,15757
17,26,15,8,163.28,15758
17,26,15,9,163.29,15759
17,26,16,0,163.29,15760
17,26,16,1,163.3,15761
17,26,16,2,163.3,15762
17,26,16,3,163.3,15763
17,26,16,4,163.3,15764
17,26,16,5,163.31,15765
17,26,16,6,163.31,15766
17,26,16,7,163.34,15767
17,26,16,8,163.34,15768
17,26,16,9,163.36,15769
17,26,17,0,163.36,15770
17,26,17,1,163.37,15771
17,26,17,2,163.37,15772
17,26,17,3,163.39,15773
17,26,17,4,163.39,15774
17,26,17,5,163.41,15775
17,26,17,6,163.41,15776
17,26,17,7,163.43,15777
17,26,17,8,163.43,15778
17,26,17,9,163.43,15779
17,26,18,0,163.43,15780
17,26,18,1,163.44,15781
17,26,18,2,163.44,15782
17,26,18,3,163.45,15783
17,26,18,4,163.45,15784
17,26,18,5,163.45,15785
17,26,18,6,163.45,15786
17,26,18,7,163.46,15787
17,26,18,8,163.46,15788
17,26,18,9,163.47,15789
17,26,19,0,163.47,15790
17,26,19,1,163.5,15791
17,26,19,2,163.5,15792
17,26,19,3,163.51,15793
17,26,19,4,163.51,15794
17,26,19,5,163.53,15795
17,26,19,6,163.53,15796
17,26,19,7,163.54,15797
17,26,19,8,163.54,15798
17,26,19,9,163.54,15799
17,26,20,0,163.54,15800
17,26,20,1,163.56,15801
17,26,20,2,163.56,15802
17,26,20,3,163.56,15803
17,26,20,4,163.56,15804
17,26,20,5,163.58,15805
17,26,20,6,163.58,15806
17,26,20,7,163.59,15807
17,26,20,8,163.59,15808
17,26,20,9,163.6,15809
17,26,21,0,163.6,15810
17,26,21,1,163.61,15811
17,26,21,2,163.61,15812
17,26,21,3,163.62,15813
17,26,21,4,163.62,15814
17,26,21,5,163.62,15815
17,26,21,6,163.62,15816
17,26,21,7,163.62,15817
17,26,21,8,163.62,15818
17,26,21,9,163.62,15819
17,26,22,0,163.62,15820
17,26,22,1,163.62,15821
17,26,22,2,163.62,15822
17,26,22,3,163.62,15823
17,26,22,4,163.62,15824
17,26,22,5,163.62,15825
17,26,22,6,163.62,15826
17,26,22,7,163.63,15827
17,26,22,8,163.63,15828
17,26,22,9,163.65,15829
17,26,23,0,163.65,15830
17,26,23,1,163.65,15831
17,26,23,2,163.65,15832
17,26,23,3,163.65,15833
17,26,23,4,163.65,15834
17,26,23,5,163.66,15835
17,26,23,6,163.66,15836
17,26,23,7,163.66,15837
17,26,23,8,163.66,15838
17,26,23,9,163.63,15839
17,26,24,0,163.63,15840
17,26,24,1,163.63,15841
17,26,24,2,163.63,15842
17,26,24,3,163.64,15843
17,26,24,4,163.64,15844
17,26,24,5,163.64,15845
17,26,24,6,163.64,15846
17,26,24,7,163.65,15847
17,26,24,8,163.65,15848
17,26,24,9,163.66,15849
17,26,25,0,163.66,15850
17,26,25,1,163.67,15851
17,26,25,2,163.67,15852
17,26,25,3,163.68,15853
17,26,25,4,163.68,15854
17,26,25,5,163.69,15855
17,26,25,6,163.69,15856
17,26,25,7,163.69,15857
17,26,25,8,163.69,15858
17,26,25,9,163.7,15859
17,26,26,0,163.7,15860
17,26,26,1,163.71,15861
17,26,26,2,163.71,15862
17,26,26,3,163.71,15863
17,26,26,4,163.71,15864
17,26,26,5,163.72,15865
17,26,26,6,163.72,15866
17,26,26,7,163.73,15867
17,26,26,8,163.73,15868
17,26,26,9,163.73,15869
17,26,27,0,163.73,15870
17,26,27,1,163.73,15871
17,26,27,2,163.73,15872
17,26,27,3,163.74,15873
17,26,27,4,163.74,15874
17,26,27,5,163.74,15875
17,26,27,6,163.74,15876
17,26,27,7,163.74,15877
17,26,27,8,163.74,15878
17,26,27,9,163.75,15879
17,26,28,0,163.75,15880
17,26,28,1,163.76,15881
17,26,28,2,163.76,15882
17,26,28,3,163.78,15883
17,26,28,4,163.78,15884
17,26,28,5,163.81,15885
17,26,28,6,163.81,15886
17,26,28,7,163.82,15887
17,26,28,8,163.82,15888
17,26,28,9,163.84,15889
17,26,29,0,163.84,15890
17,26,29,1,163.84,15891
17,26,29,2,163.84,15892
17,26,29,3,163.84,15893
17,26,29,4,163.84,15894
17,26,29,5,163.85,15895
17,26,29,6,163.85,15896
17,26,29,7,163.87,15897
17,26,29,8,163.87,15898
17,26,29,9,163.88,15899
17,26,30,0,163.88,15900
17,26,30,1,163.9,15901
17,26,30,2,163.9,15902
17,26,30,3,163.92,15903
17,26,30,4,163.92,15904
17,26,30,5,163.94,15905
17,26,30,6,163.94,15906
17,26,30,7,163.95,15907
17,26,30,8,163.95,15908
17,26,30,9,163.94,15909
17,26,31,0,163.94,15910
17,26,31,1,163.94,15911
17,26,31,2,163.94,15912
17,26,31,3,163.95,15913
17,26,31,4,163.95,15914
17,26,31,5,163.96,15915
17,26,31,6,163.96,15916
17,26,31,7,163.95,15917
17,26,31,8,163.95,15918
17,26,31,9,163.96,15919
17,26,32,0,163.96,15920
17,26,32,1,163.98,15921
17,26,32,2,163.98,15922
17,26,32,3,163.99,15923
17,26,32,4,163.99,15924
17,26,32,5,164,15925
17,26,32,6,164,15926
17,26,32,7,164.02,15927
17,26,32,8,164.02,15928
17,26,32,9,164.02,15929
17,26,33,0,164.02,15930
17,26,33,1,164.02,15931
17,26,33,2,164.02,15932
17,26,33,3,164.03,15933
17,26,33,4,164.03,15934
17,26,33,5,164.03,15935
17,26,33,6,164.03,15936
17,26,33,7,164.04,15937
17,26,33,8,164.04,15938
17,26,33,9,164.04,15939
17,26,34,0,164.04,15940
17,26,34,1,164.05,15941
17,26,34,2,164.05,15942
17,26,34,3,164.07,15943
17,26,34,4,164.07,15944
17,26,34,5,164.08,15945
17,26,34,6,164.08,15946
17,26,34,7,164.09,15947
17,26,34,8,164.09,15948
17,26,34,9,164.12,15949
17,26,35,0,164.12,15950
17,26,35,1,164.14,15951
17,26,35,2,164.14,15952
17,26,35,3,164.16,15953
17,26,35,4,164.16,15954
17,26,35,5,164.17,15955
17,26,35,6,164.17,15956
17,26,35,7,164.18,15957
17,26,35,8,164.18,15958
17,26,35,9,164.18,15959
17,26,36,0,164.18,15960
17,26,36,1,164.2,15961
17,26,36,2,164.2,15962
17,26,36,3,164.21,15963
17,26,36,4,164.21,15964
17,26,36,5,164.23,15965
17,26,36,6,164.23,15966
17,26,36,7,164.23,15967
17,26,36,8,164.23,15968
17,26,36,9,164.23,15969
17,26,37,0,164.23,15970
17,26,37,1,164.24,15971
17,26,37,2,164.24,15972
17,26,37,3,164.24,15973
17,26,37,4,164.24,15974
17,26,37,5,164.24,15975
17,26,37,6,164.24,15976
17,26,37,7,164.25,15977
17,26,37,8,164.25,15978
17,26,37,9,164.27,15979
17,26,38,0,164.27,15980
17,26,38,1,164.29,15981
17,26,38,2,164.29,15982
17,26,38,3,164.29,15983
17,26,38,4,164.29,15984
17,26,38,5,164.31,15985
17,26,38,6,164.31,15986
17,26,38,7,164.34,15987
17,26,38,8,164.34,15988
17,26,38,9,164.36,15989
17,26,39,0,164.36,15990
17,26,39,1,164.37,15991
